L'actuelle pandémie de COVID-19 a eu un impact considérable sur l'économie	0.45	1.8	0.7	3	3.33	False	0.38	{'impact', 'COVID-19', 'considérable', 'pandémie', "l'économie"}	You are about to receive a sentence in French. Please complete the sentence in French as coherently as possible.You may include additional sentences afterward. Please try to generate human-like text.    L'actuelle
Créée par l'architecte Robert Demeure, la Villa Dufresne est un	0.5	1.2	0.8	2	4.0	False	0.42	{'est', "l'architecte", 'Villa', 'Robert', 'Dufresne'}	You are about to receive a sentence in French. Please complete the sentence in French as coherently as possible.You may include additional sentences afterward. Please try to generate human-like text.    Créée par
Créée par Louis-Eugène Perrotin, l'observatoire de Nice a été inauguré	0.4	1.5	0.75	2	3.83	False	0.35	{'Nice', "l'observatoire", 'inauguré', 'Louis-Eugène'}	You are about to receive a sentence in French. Please complete the sentence in French as coherently as possible.You may include additional sentences afterward. Please try to generate human-like text.    Créée par
Créée par l'architecte Robert Demeure, la Villa Dufresne est un magnifique exemple d'architecture Art Déco. Ses élégantes lignes	0.61	1.2	0.8	3	4.71	False	0.45	{'élégantes', 'Robert', 'Déco.', 'Art', 'est', "l'architecte", 'Villa', 'lignes', "d'architecture", 'exemple', 'Dufresne'}	You are about to receive a sentence in French. Please complete the sentence in French as coherently as possible.You may include additional sentences afterward. Please try to generate human-like text.    Créée par l'architecte Robert Demeure, la Villa Dufresne est un
Créée par l'architecte Robert Demeure, la Villa Dufresne est un chef-d'œuvre de l'Art Nouveau à Montréal.  Elle a été	0.42	1.6	0.73	2	3.45	False	0.38	{'Montréal.', "l'Art", "chef-d'œuvre", 'est', "l'architecte", 'Villa', 'Robert', 'Dufresne'}	You are about to receive a sentence in French. Please complete the sentence in French as coherently as possible.You may include additional sentences afterward. Please try to generate human-like text.    Créée par l'architecte Robert Demeure, la Villa Dufresne est un
Créée par l'architecte Robert Demeure, la Villa Dufresne est un chef-d'œuvre de l'Art Nouveau à Montréal.  Elle a été construite en 1915 pour la famille Dufresne et se distingue par	0.38	1.8	0.7	4	3.2	False	0.35	{'Robert', 'construite', 'Montréal.', "l'Art", "chef-d'œuvre", 'est', "l'architecte", 'Villa', 'distingue', 'famille', 'Dufresne'}	You are about to receive a sentence in French. Please complete the sentence in French as coherently as possible.You may include additional sentences afterward. Please try to generate human-like text.    Créée par l'architecte Robert Demeure, la Villa Dufresne est un chef-d'œuvre de l'Art Nouveau à Montréal.  Elle a été
Créée par l'architecte Robert Demeure, la Villa Dufresne est un chef-d'œuvre de l'Art Nouveau à Montréal.  Elle a été construite en 1915 pour la famille Dufresne et se distingue par ses lignes élégantes et son utilisation innovante de matériaux. La villa	0.42	1.8	0.7	4	3.11	False	0.37	{'innovante', 'élégantes', 'construite', 'villa', 'Montréal.', "l'Art", "chef-d'œuvre", 'famille', 'est', "l'architecte", 'Villa', 'distingue', 'lignes', 'matériaux.', 'utilisation', 'Robert', 'Dufresne'}	You are about to receive a sentence in French. Please complete the sentence in French as coherently as possible.You may include additional sentences afterward. Please try to generate human-like text.    Créée par l'architecte Robert Demeure, la Villa Dufresne est un chef-d'œuvre de l'Art Nouveau à Montréal.  Elle a été construite en 1915 pour la famille Dufresne et se distingue par
Créée par l'architecte Robert Demeure, la Villa Dufresne est un chef-d'œuvre de l'Art Nouveau à Montréal.  Elle a été construite en 1915 pour la famille Dufresne et se distingue par son style éclectique et ses éléments décoratifs inspirés de	0.42	1.8	0.7	4	3.18	False	0.37	{'style', 'éléments', 'construite', 'éclectique', 'Montréal.', 'décoratifs', "l'Art", "chef-d'œuvre", 'famille', 'est', "l'architecte", 'Villa', 'distingue', 'inspirés', 'Robert', 'Dufresne'}	You are about to receive a sentence in French. Please complete the sentence in French as coherently as possible.You may include additional sentences afterward. Please try to generate human-like text.    Créée par l'architecte Robert Demeure, la Villa Dufresne est un chef-d'œuvre de l'Art Nouveau à Montréal.  Elle a été construite en 1915 pour la famille Dufresne et se distingue par
Créée par l'architecte Robert Demeure, la Villa Dufresne est un chef-d'œuvre de l'Art Nouveau à Montréal.  Elle a été construite en 1915 pour la famille Dufresne et se distingue par son style unique et ses ornements détaillés. La villa est un mélange harmonieux de motifs floraux, de lignes courbes et d'éléments	0.42	1.8	0.7	4	3.45	False	0.36	{'harmonieux', 'floraux,', "d'éléments", 'villa', "l'Art", "chef-d'œuvre", "l'architecte", 'Villa', 'lignes', 'construite', 'famille', 'ornements', 'Dufresne', 'style', 'Montréal.', 'courbes', 'unique', 'est', 'distingue', 'Robert', 'détaillés.'}	You are about to receive a sentence in French. Please complete the sentence in French as coherently as possible.You may include additional sentences afterward. Please try to generate human-like text.    Créée par l'architecte Robert Demeure, la Villa Dufresne est un chef-d'œuvre de l'Art Nouveau à Montréal.  Elle a été construite en 1915 pour la famille Dufresne et se distingue par son style unique et ses ornements détaillés. La villa est un mélange
En 1905 , Albert Einstein a publié sa théorie de la relativité restreinte, qui	0.5	1.8	0.7	3	2.0	False	0.48	{'publié', 'Albert', 'Einstein', 'théorie', 'restreinte,', 'relativité'}	You are about to receive a sentence in French. Please complete the sentence in French as coherently as possible.You may include additional sentences afterward. Please try to generate human-like text.    En 1905
En 1905 , Albert Einstein a présenté sa théorie de la relativité restreinte, qui	0.5	1.8	0.7	3	2.0	False	0.48	{'Albert', 'présenté', 'Einstein', 'théorie', 'restreinte,', 'relativité'}	You are about to receive a sentence in French. Please complete the sentence in French as coherently as possible.You may include additional sentences afterward. Please try to generate human-like text.    En 1905
En 1905 , Albert Einstein a développé sa théorie de la relativité restreinte, qui	0.5	1.8	0.7	3	2.0	False	0.48	{'développé', 'Albert', 'Einstein', 'théorie', 'restreinte,', 'relativité'}	You are about to receive a sentence in French. Please complete the sentence in French as coherently as possible.You may include additional sentences afterward. Please try to generate human-like text.    En 1905
En 1780 , la famille du roi Louis XVI et Marie Antoinette sont forcés de fuir Paris	0.47	1.8	0.7	3	2.62	False	0.43	{'forcés', 'Marie', 'Paris', 'Louis', 'XVI', 'Antoinette', 'famille'}	You are about to receive a sentence in French. Please complete the sentence in French as coherently as possible.You may include additional sentences afterward. Please try to generate human-like text.    En 1780
La population de la France est d'environ 67 millions.  La langue officielle est le	0.46	1.7	0.72	3	3.4	False	0.39	{'population', 'officielle', 'France', 'est', 'millions.', 'langue'}	You are about to receive a sentence in French. Please complete the sentence in French as coherently as possible.You may include additional sentences afterward. Please try to generate human-like text.    La population
Créée par Napoléon Bonaparte en 1804, le Code civil est la loi	0.45	1.8	0.7	3	2.83	False	0.41	{'civil', 'Bonaparte', 'Code', 'Napoléon', 'est'}	You are about to receive a sentence in French. Please complete the sentence in French as coherently as possible.You may include additional sentences afterward. Please try to generate human-like text.    Créée par
Créée par l'empereur Napoléon III en 1862, la ville de Nice	0.4	2.0	0.67	4	3.17	False	0.35	{'Nice', "l'empereur", 'Napoléon', 'III'}	You are about to receive a sentence in French. Please complete the sentence in French as coherently as possible.You may include additional sentences afterward. Please try to generate human-like text.    Créée par
Créée par Napoléon Bonaparte en 1804, le Code civil est la loi fondamentale qui régit les relations civiles en France. Il est considéré comme	0.48	1.7	0.72	3	3.0	False	0.42	{'fondamentale', 'civil', 'Bonaparte', 'France.', 'Code', 'Napoléon', 'relations', 'est', 'considéré', 'régit', 'civiles'}	You are about to receive a sentence in French. Please complete the sentence in French as coherently as possible.You may include additional sentences afterward. Please try to generate human-like text.    Créée par Napoléon Bonaparte en 1804, le Code civil est la loi
Créée par Napoléon Bonaparte en 1804, le Code civil est la loi fondamentale de la France qui régit les relations entre les citoyens et	0.43	2.0	0.67	3	2.91	False	0.38	{'fondamentale', 'civil', 'Bonaparte', 'Code', 'Napoléon', 'relations', 'France', 'est', 'régit', 'citoyens'}	You are about to receive a sentence in French. Please complete the sentence in French as coherently as possible.You may include additional sentences afterward. Please try to generate human-like text.    Créée par Napoléon Bonaparte en 1804, le Code civil est la loi
Créée par l'empereur Napoléon III en 1862, la ville de Nice est une destination touristique populaire en France.  Nice possède une culture riche et	0.48	1.9	0.68	4	3.89	False	0.37	{'France.', "l'empereur", 'culture', 'Napoléon', 'destination', 'populaire', 'III', 'Nice', 'est', 'riche', 'possède'}	You are about to receive a sentence in French. Please complete the sentence in French as coherently as possible.You may include additional sentences afterward. Please try to generate human-like text.    Créée par l'empereur Napoléon III en 1862, la ville de Nice
Le territoire de la France s'étend sur  plus de 643 801 km² et est	0.42	2.5	0.58	4	2.5	False	0.35	{"s'étend", 'est', 'territoire', 'km²', 'France'}	You are about to receive a sentence in French. Please complete the sentence in French as coherently as possible.You may include additional sentences afterward. Please try to generate human-like text.    Le territoire
Le territoire de la France s'étend sur  plus de 643 801 km² et est situé en Europe. Il est bordé par l'océan Atlantique à	0.45	1.9	0.68	4	2.3	False	0.44	{"s'étend", 'bordé', 'situé', 'Atlantique', 'France', 'territoire', 'est', 'Europe.', "l'océan", 'km²'}	You are about to receive a sentence in French. Please complete the sentence in French as coherently as possible.You may include additional sentences afterward. Please try to generate human-like text.    Le territoire de la France s'étend sur  plus de 643 801 km² et est
En 1851 , Louis-Napoleon Bonaparte devient empereur de France, et son	0.44	1.7	0.72	2	3.2	False	0.39	{'Bonaparte', 'empereur', 'Louis-Napoleon', 'France,'}	You are about to receive a sentence in French. Please complete the sentence in French as coherently as possible.You may include additional sentences afterward. Please try to generate human-like text.    En 1851
En 1891 , Vincent van Gogh s'installe à Auvers-sur-Oise, un village	0.56	1.2	0.8	2	3.75	False	0.46	{'Auvers-sur-Oise,', 'Vincent', 'Gogh', 'village', 'van'}	You are about to receive a sentence in French. Please complete the sentence in French as coherently as possible.You may include additional sentences afterward. Please try to generate human-like text.    En 1891
L' automne est ma saison préférée car j'adore les feuilles qui	0.45	2.0	0.67	4	3.5	False	0.36	{"j'adore", 'est', 'saison', 'préférée', 'automne'}	You are about to receive a sentence in French. Please complete the sentence in French as coherently as possible.You may include additional sentences afterward. Please try to generate human-like text.    L'
En 1829 , Victor Hugo a écrit un chef-d'œuvre intitulé	0.5	1.7	0.72	3	2.5	False	0.46	{'intitulé', 'Hugo', "chef-d'œuvre", 'Victor'}	You are about to receive a sentence in French. Please complete the sentence in French as coherently as possible.You may include additional sentences afterward. Please try to generate human-like text.    En 1829
En 1757 , Voltaire a publié un pamphlet contre le fanatisme religieux	0.5	1.6	0.73	3	2.6	False	0.46	{'publié', 'fanatisme', 'Voltaire', 'pamphlet', 'religieux'}	You are about to receive a sentence in French. Please complete the sentence in French as coherently as possible.You may include additional sentences afterward. Please try to generate human-like text.    En 1757
En 1757 , Voltaire a publié un pamphlet contre le fanatisme religieux , intitulé "Traité sur la tolérance". Ce pamphlet a	0.39	1.9	0.68	4	3.0	False	0.36	{'publié', 'fanatisme', 'Voltaire', 'tolérance".', 'intitulé', 'pamphlet', 'religieux'}	You are about to receive a sentence in French. Please complete the sentence in French as coherently as possible.You may include additional sentences afterward. Please try to generate human-like text.    En 1757 , Voltaire a publié un pamphlet contre le fanatisme religieux
En 1757 , Voltaire a publié un pamphlet contre le fanatisme religieux intitulé "Traité sur la tolérance". Ce pamphlet a	0.39	1.9	0.68	4	3.0	False	0.36	{'publié', 'fanatisme', 'Voltaire', 'tolérance".', 'intitulé', 'pamphlet', 'religieux'}	You are about to receive a sentence in French. Please complete the sentence in French as coherently as possible.You may include additional sentences afterward. Please try to generate human-like text.    En 1757 , Voltaire a publié un pamphlet contre le fanatisme religieux
En 1757 , Voltaire a publié un pamphlet contre le fanatisme religieux . Le titre du pamphlet est "Traité sur la tolérance". Cela a	0.38	1.9	0.68	4	3.0	False	0.35	{'publié', 'fanatisme', 'Voltaire', 'est', 'tolérance".', 'pamphlet', 'religieux', 'titre'}	You are about to receive a sentence in French. Please complete the sentence in French as coherently as possible.You may include additional sentences afterward. Please try to generate human-like text.    En 1757 , Voltaire a publié un pamphlet contre le fanatisme religieux
Après avoir terminé ses études à l'université, Marie a décidé de partir	0.42	1.7	0.72	3	3.29	False	0.38	{'terminé', "l'université,", 'Marie', 'études', 'décidé'}	You are about to receive a sentence in French. Please complete the sentence in French as coherently as possible.You may include additional sentences afterward. Please try to generate human-like text.    Après
En 1753 , Louis XV a décidé d'épouser Marie Leszczyńska pour	0.56	1.0	0.83	1	2.25	False	0.56	{"d'épouser", 'Marie', 'Louis', 'Leszczyńska', 'décidé'}	You are about to receive a sentence in French. Please complete the sentence in French as coherently as possible.You may include additional sentences afterward. Please try to generate human-like text.    En 1753
En 1753 , Jean-Jacques Rousseau a publié son livre intitulé "Du	0.44	2.0	0.67	3	2.8	False	0.39	{'intitulé', 'publié', 'Rousseau', 'Jean-Jacques'}	You are about to receive a sentence in French. Please complete the sentence in French as coherently as possible.You may include additional sentences afterward. Please try to generate human-like text.    En 1753
En 1751 , le naturaliste français Louis-Joseph Gaultier de la Vérendrye	0.44	1.7	0.72	2	3.2	False	0.39	{'Louis-Joseph', 'naturaliste', 'Vérendrye', 'Gaultier'}	You are about to receive a sentence in French. Please complete the sentence in French as coherently as possible.You may include additional sentences afterward. Please try to generate human-like text.    En 1751
De plus , il est important de noter que la pollution atmosphérique a un impact direct sur la	0.41	2.0	0.67	3	2.33	False	0.39	{'direct', 'atmosphérique', 'noter', 'impact', 'est', 'important', 'pollution'}	You are about to receive a sentence in French. Please complete the sentence in French as coherently as possible.You may include additional sentences afterward. Please try to generate human-like text.    De plus
De plus , il est important de noter que la pollution atmosphérique a un impact direct sur la santé humaine. Les particules toxiques présentes dans l'air peuvent causer des	0.43	2.0	0.67	4	3.4	False	0.35	{'direct', 'humaine.', 'atmosphérique', 'noter', 'impact', 'présentes', "l'air", 'causer', 'est', 'important', 'particules', 'pollution'}	You are about to receive a sentence in French. Please complete the sentence in French as coherently as possible.You may include additional sentences afterward. Please try to generate human-like text.    De plus , il est important de noter que la pollution atmosphérique a un impact direct sur la
De plus , il est important de noter que la pollution atmosphérique a un impact direct sur la santé humaine. Les particules toxiques présentes dans l'air peuvent causer des problèmes respiratoires, cardiovasculaires et même des cancers. Il est donc crucial	0.44	1.9	0.68	4	3.32	False	0.36	{'direct', 'cancers.', 'crucial', 'humaine.', 'cardiovasculaires', 'atmosphérique', 'noter', 'impact', 'présentes', "l'air", 'causer', 'est', 'respiratoires,', 'important', 'particules', 'problèmes', 'pollution'}	You are about to receive a sentence in French. Please complete the sentence in French as coherently as possible.You may include additional sentences afterward. Please try to generate human-like text.    De plus , il est important de noter que la pollution atmosphérique a un impact direct sur la santé humaine. Les particules toxiques présentes dans l'air peuvent causer des
Son restaurant préféré est un petit bistro français traditionnel situé au coeur de	0.46	2.0	0.67	4	3.86	False	0.35	{'situé', 'restaurant', 'traditionnel', 'bistro', 'est', 'préféré'}	You are about to receive a sentence in French. Please complete the sentence in French as coherently as possible.You may include additional sentences afterward. Please try to generate human-like text.    Son
En 1766 , le chimiste français Antoine Lavoisier a démontré que l'air	0.5	1.4	0.77	2	3.2	False	0.45	{'démontré', 'Lavoisier', "l'air", 'chimiste', 'Antoine'}	You are about to receive a sentence in French. Please complete the sentence in French as coherently as possible.You may include additional sentences afterward. Please try to generate human-like text.    En 1766
En 1761 , Jean-Jacques Rousseau a écrit "Du Contrat Social" qui déclare que	0.45	2.0	0.67	3	2.83	False	0.4	{'Contrat', 'Jean-Jacques', 'déclare', 'Rousseau', 'Social"'}	You are about to receive a sentence in French. Please complete the sentence in French as coherently as possible.You may include additional sentences afterward. Please try to generate human-like text.    En 1761
En 1761 , Marie-Anne du Bois du Brossard est condamnée à être	0.4	2.0	0.67	3	2.6	False	0.38	{'condamnée', 'est', 'Brossard', 'Marie-Anne'}	You are about to receive a sentence in French. Please complete the sentence in French as coherently as possible.You may include additional sentences afterward. Please try to generate human-like text.    En 1761
En 1774 , Louis XVI a déclaré que la France devait se moderniser et améliorer	0.46	1.8	0.7	3	2.57	False	0.43	{'France', 'améliorer', 'moderniser', 'déclaré', 'Louis', 'XVI'}	You are about to receive a sentence in French. Please complete the sentence in French as coherently as possible.You may include additional sentences afterward. Please try to generate human-like text.    En 1774
L' automne est ma saison préférée car j'adore la couleur des feuilles	0.5	1.8	0.7	3	3.33	False	0.41	{"j'adore", 'couleur', 'préférée', 'est', 'saison', 'automne'}	You are about to receive a sentence in French. Please complete the sentence in French as coherently as possible.You may include additional sentences afterward. Please try to generate human-like text.    L'
En 1910 , la Tour Eiffel est devenue une attraction populaire pour les touristes	0.42	1.8	0.7	3	3.57	False	0.35	{'attraction', 'touristes', 'Eiffel', 'populaire', 'est'}	You are about to receive a sentence in French. Please complete the sentence in French as coherently as possible.You may include additional sentences afterward. Please try to generate human-like text.    En 1910
L' automne est ma saison préférée parce que j'adore la beauté des	0.5	1.8	0.7	3	2.83	False	0.44	{"j'adore", 'préférée', 'beauté', 'est', 'saison', 'automne'}	You are about to receive a sentence in French. Please complete the sentence in French as coherently as possible.You may include additional sentences afterward. Please try to generate human-like text.    L'
Le territoire de la France s'étend sur 643,801 km2 et est bordé par	0.5	2.0	0.67	3	2.33	False	0.45	{'territoire', 'France', "s'étend", 'bordé', 'km2', 'est'}	You are about to receive a sentence in French. Please complete the sentence in French as coherently as possible.You may include additional sentences afterward. Please try to generate human-like text.    Le territoire
Le territoire de la France s'étend sur 643,801 km2 et est bordé par la mer Méditerranée, l'océan Atlantique et la	0.47	2.1	0.65	4	2.43	False	0.42	{"l'océan", 'France', 'Atlantique', "s'étend", 'km2', 'bordé', 'territoire', 'est', 'Méditerranée,'}	You are about to receive a sentence in French. Please complete the sentence in French as coherently as possible.You may include additional sentences afterward. Please try to generate human-like text.    Le territoire de la France s'étend sur 643,801 km2 et est bordé par
Le territoire de la France s'étend sur 643,801 km2 et est bordé par la mer Méditerranée, l'océan Atlantique et la	0.47	2.1	0.65	4	2.43	False	0.42	{"l'océan", 'France', 'Atlantique', "s'étend", 'km2', 'bordé', 'territoire', 'est', 'Méditerranée,'}	You are about to receive a sentence in French. Please complete the sentence in French as coherently as possible.You may include additional sentences afterward. Please try to generate human-like text.    Le territoire de la France s'étend sur 643,801 km2 et est bordé par
Le territoire de la France s'étend sur 643,801 km2 et est bordé par l'océan Atlantique, la Manche, la mer Méditerranée	0.47	2.0	0.67	3	3.0	False	0.4	{'Atlantique,', "l'océan", 'France', 'km2', "s'étend", 'bordé', 'territoire', 'est', 'Méditerranée'}	You are about to receive a sentence in French. Please complete the sentence in French as coherently as possible.You may include additional sentences afterward. Please try to generate human-like text.    Le territoire de la France s'étend sur 643,801 km2 et est bordé par
Le territoire français s'étend sur 643 801 km².  La population de la France est	0.5	1.8	0.7	3	3.17	False	0.42	{'km².', 'France', "s'étend", 'territoire', 'est', 'population'}	You are about to receive a sentence in French. Please complete the sentence in French as coherently as possible.You may include additional sentences afterward. Please try to generate human-like text.    Le territoire
Le territoire français est constitué de plusieurs régions métropolitaines et	0.5	1.8	0.7	3	4.6	False	0.35	{'constitué', 'régions', 'métropolitaines', 'territoire', 'est'}	You are about to receive a sentence in French. Please complete the sentence in French as coherently as possible.You may include additional sentences afterward. Please try to generate human-like text.    Le territoire
Le territoire de la France s'étend sur  plus de 640 000 kilomètres carrés.  Il est bordé par l'océan Atlantique à	0.44	2.0	0.67	4	2.89	False	0.39	{"l'océan", 'France', 'kilomètres', 'Atlantique', "s'étend", 'bordé', 'territoire', 'est'}	You are about to receive a sentence in French. Please complete the sentence in French as coherently as possible.You may include additional sentences afterward. Please try to generate human-like text.    Le territoire de la France s'étend sur  plus de 640 000 kilomètres
Le territoire de la France s'étend sur  plus de 640 000 kilomètres carrés.  Il est bordé par l'océan Atlantique à	0.44	2.0	0.67	4	2.89	False	0.39	{"l'océan", 'France', 'kilomètres', 'Atlantique', "s'étend", 'bordé', 'territoire', 'est'}	You are about to receive a sentence in French. Please complete the sentence in French as coherently as possible.You may include additional sentences afterward. Please try to generate human-like text.    Le territoire de la France s'étend sur  plus de 640 000 kilomètres
Un climat ologue étudie les conditions météorologiques et leur évolution à long terme pour	0.5	1.9	0.68	3	3.14	False	0.41	{'conditions', 'long', 'climat', 'terme', 'météorologiques', 'étudie', 'évolution'}	You are about to receive a sentence in French. Please complete the sentence in French as coherently as possible.You may include additional sentences afterward. Please try to generate human-like text.    Un climat
En 1753 , Charles de Batz-Castelmore d'Artagnan est nommé	0.57	1.3	0.78	2	3.0	False	0.51	{'Batz-Castelmore', 'est', 'Charles', "d'Artagnan"}	You are about to receive a sentence in French. Please complete the sentence in French as coherently as possible.You may include additional sentences afterward. Please try to generate human-like text.    En 1753
En 1753 , Charles de Batz-Castelmore d'Artagnan est nommé lieutenant général en Gascogne.  Il avait acquis une grande réputation en tant que	0.45	1.9	0.68	4	3.4	False	0.37	{'acquis', "d'Artagnan", 'réputation', 'Batz-Castelmore', 'général', 'est', 'lieutenant', 'Gascogne.', 'Charles'}	You are about to receive a sentence in French. Please complete the sentence in French as coherently as possible.You may include additional sentences afterward. Please try to generate human-like text.    En 1753 , Charles de Batz-Castelmore d'Artagnan est nommé
Le territoire de la France s'étend sur 643 801 km².  Situé en Europe	0.55	1.8	0.7	3	2.2	False	0.5	{'Situé', 'km².', 'France', "s'étend", 'Europe', 'territoire'}	You are about to receive a sentence in French. Please complete the sentence in French as coherently as possible.You may include additional sentences afterward. Please try to generate human-like text.    Le territoire
Le territoire de la France est vaste et varié, avec des régions côtières	0.46	2.2	0.63	3	3.29	False	0.37	{'régions', 'France', 'varié,', 'vaste', 'territoire', 'est'}	You are about to receive a sentence in French. Please complete the sentence in French as coherently as possible.You may include additional sentences afterward. Please try to generate human-like text.    Le territoire
Le territoire de la France s'étend sur 643 801 km².  Situé en Europe occidentale, le pays est bordé par la mer Méditerranée,	0.45	2.1	0.65	4	3.5	False	0.35	{'Situé', 'km².', 'France', "s'étend", 'Europe', 'bordé', 'territoire', 'est', 'Méditerranée,'}	You are about to receive a sentence in French. Please complete the sentence in French as coherently as possible.You may include additional sentences afterward. Please try to generate human-like text.    Le territoire de la France s'étend sur 643 801 km².  Situé en Europe
En 1725 , François-Joseph de Choiseul déclara: "Le bonheur est	0.5	1.7	0.72	3	3.5	False	0.41	{'est', 'déclara:', 'Choiseul', 'François-Joseph'}	You are about to receive a sentence in French. Please complete the sentence in French as coherently as possible.You may include additional sentences afterward. Please try to generate human-like text.    En 1725
En 2021 , je veux visiter la France et explorer ses différentes régions, notamment Paris, la	0.43	1.6	0.73	2	3.43	False	0.38	{'régions,', 'France', 'Paris,', 'différentes', 'visiter', 'explorer'}	You are about to receive a sentence in French. Please complete the sentence in French as coherently as possible.You may include additional sentences afterward. Please try to generate human-like text.    En 2021
En 1878 , la Tour Eiffel a été construite par Gustave Eiffel. Elle est	0.42	1.5	0.75	2	2.71	False	0.41	{'Gustave', 'construite', 'Eiffel.', 'Eiffel', 'est'}	You are about to receive a sentence in French. Please complete the sentence in French as coherently as possible.You may include additional sentences afterward. Please try to generate human-like text.    En 1878
En 1878 , la Tour Eiffel était construite à Paris.  Cela a marqué un	0.33	1.4	0.77	2	2.62	False	0.38	{'Eiffel', 'marqué', 'Paris.', 'construite'}	You are about to receive a sentence in French. Please complete the sentence in French as coherently as possible.You may include additional sentences afterward. Please try to generate human-like text.    En 1878
En 1878 , la Tour Eiffel a été construite par Gustave Eiffel. Elle est située à Paris et mesure 324 mètres de hauteur.  La Tour Eiffel	0.39	1.6	0.73	3	2.83	False	0.39	{'Gustave', 'construite', 'mesure', 'Eiffel.', 'mètres', 'Eiffel', 'est', 'située', 'Paris'}	You are about to receive a sentence in French. Please complete the sentence in French as coherently as possible.You may include additional sentences afterward. Please try to generate human-like text.    En 1878 , la Tour Eiffel a été construite par Gustave Eiffel. Elle est
En 1878 , la Tour Eiffel a été construite par Gustave Eiffel. Elle est située à Paris et est considérée comme l'un des symboles les plus	0.38	1.9	0.68	4	2.93	False	0.35	{'Gustave', 'construite', 'symboles', 'Eiffel.', 'Eiffel', 'considérée', 'est', 'située', 'Paris'}	You are about to receive a sentence in French. Please complete the sentence in French as coherently as possible.You may include additional sentences afterward. Please try to generate human-like text.    En 1878 , la Tour Eiffel a été construite par Gustave Eiffel. Elle est
En 1878 , la Tour Eiffel a été construite par Gustave Eiffel. Elle est située à Paris et est considérée comme l'un des symboles les plus emblématiques de la France. La Tour Eiffel mesure 324 mètres	0.39	1.8	0.7	4	2.81	False	0.38	{'Gustave', 'construite', 'emblématiques', 'France.', 'mesure', 'symboles', 'Eiffel.', 'mètres', 'Eiffel', 'considérée', 'est', 'située', 'Paris'}	You are about to receive a sentence in French. Please complete the sentence in French as coherently as possible.You may include additional sentences afterward. Please try to generate human-like text.    En 1878 , la Tour Eiffel a été construite par Gustave Eiffel. Elle est située à Paris et est considérée comme l'un des symboles les plus
En 1878 , la Tour Eiffel a été construite par Gustave Eiffel. Elle est située à Paris et mesure 324 mètres de hauteur.  La Tour Eiffel est un symbole de la France et est visitée par des millions de touristes chaque	0.37	1.8	0.7	3	3.0	False	0.35	{'millions', 'visitée', 'France', 'Gustave', 'construite', 'mesure', 'Eiffel.', 'symbole', 'mètres', 'touristes', 'est', 'située', 'Eiffel', 'Paris'}	You are about to receive a sentence in French. Please complete the sentence in French as coherently as possible.You may include additional sentences afterward. Please try to generate human-like text.    En 1878 , la Tour Eiffel a été construite par Gustave Eiffel. Elle est située à Paris et mesure 324 mètres de hauteur.  La Tour Eiffel
Un climat tempéré  est caractérisé par des températures modérées et une	0.45	2.0	0.67	4	3.5	False	0.36	{'températures', 'climat', 'tempéré', 'est', 'caractérisé'}	You are about to receive a sentence in French. Please complete the sentence in French as coherently as possible.You may include additional sentences afterward. Please try to generate human-like text.    Un climat
En 2011 , la France a battu l'Italie 2 à 1 lors du match de qualification	0.33	2.0	0.67	4	2.38	False	0.35	{'France', 'match', "l'Italie", 'qualification'}	You are about to receive a sentence in French. Please complete the sentence in French as coherently as possible.You may include additional sentences afterward. Please try to generate human-like text.    En 2011
En 1782 , Marie-Antoinette a épousé Louis XVI et est devenue la reine	0.45	1.8	0.7	4	3.17	False	0.39	{'Louis', 'épousé', 'Marie-Antoinette', 'est', 'XVI'}	You are about to receive a sentence in French. Please complete the sentence in French as coherently as possible.You may include additional sentences afterward. Please try to generate human-like text.    En 1782
En classe, nous avons étudié les différents types de gouvernements et leurs systèmes	0.46	2.0	0.67	3	3.29	False	0.38	{'gouvernements', 'systèmes', 'étudié', 'classe,', 'types', 'différents'}	You are about to receive a sentence in French. Please complete the sentence in French as coherently as possible.You may include additional sentences afterward. Please try to generate human-like text.    En
Créée par François Truffaut, la Nouvelle Vague est un mouvement cinématographique	0.45	1.2	0.8	2	4.17	False	0.38	{'cinématographique', 'François', 'Truffaut,', 'mouvement', 'est'}	You are about to receive a sentence in French. Please complete the sentence in French as coherently as possible.You may include additional sentences afterward. Please try to generate human-like text.    Créée par
L' automne est ma saison préférée car c'est le moment idéal pour se	0.46	2.0	0.67	4	2.86	False	0.4	{'préférée', 'est', 'idéal', 'moment', 'saison', 'automne'}	You are about to receive a sentence in French. Please complete the sentence in French as coherently as possible.You may include additional sentences afterward. Please try to generate human-like text.    L'
En 1762 , Jean-Jacques Rousseau publia un essai intitulé "Du	0.62	1.7	0.72	2	2.33	False	0.54	{'Rousseau', 'essai', 'intitulé', 'Jean-Jacques', 'publia'}	You are about to receive a sentence in French. Please complete the sentence in French as coherently as possible.You may include additional sentences afterward. Please try to generate human-like text.    En 1762
En 1762 , Jean-Jacques Rousseau a écrit "Du Contrat Social" qui déclare que	0.45	2.0	0.67	3	2.83	False	0.4	{'Contrat', 'Rousseau', 'Jean-Jacques', 'Social"', 'déclare'}	You are about to receive a sentence in French. Please complete the sentence in French as coherently as possible.You may include additional sentences afterward. Please try to generate human-like text.    En 1762
En 1762 , Jean-Jacques Rousseau publia un essai intitulé "Du contrat social".  Cet essai proposait une vision nouvelle de la société basée sur	0.48	1.9	0.68	4	3.7	False	0.38	{'basée', 'Rousseau', 'vision', 'essai', 'social".', 'intitulé', 'Jean-Jacques', 'publia', 'société', 'contrat'}	You are about to receive a sentence in French. Please complete the sentence in French as coherently as possible.You may include additional sentences afterward. Please try to generate human-like text.    En 1762 , Jean-Jacques Rousseau publia un essai intitulé "Du
En 1762 , Jean-Jacques Rousseau publia un essai intitulé "Du Contrat Social" dans lequel il affirme que "l'homme est né	0.5	2.2	0.63	3	3.56	False	0.37	{'Contrat', 'affirme', 'Rousseau', 'essai', 'intitulé', 'Jean-Jacques', 'publia', 'Social"', 'est'}	You are about to receive a sentence in French. Please complete the sentence in French as coherently as possible.You may include additional sentences afterward. Please try to generate human-like text.    En 1762 , Jean-Jacques Rousseau publia un essai intitulé "Du
Le territoire français est un lieu de diversité culturelle et géographique, avec des montagnes	0.5	1.9	0.68	3	3.29	False	0.41	{'culturelle', 'territoire', 'diversité', 'géographique,', 'lieu', 'montagnes', 'est'}	You are about to receive a sentence in French. Please complete the sentence in French as coherently as possible.You may include additional sentences afterward. Please try to generate human-like text.    Le territoire
Le territoire de la France s'étend sur un territoire de 643 801 km² et est bordé par l'océan Atlantique, la Manche, la mer	0.38	2.1	0.65	3	2.89	False	0.35	{'Atlantique,', "l'océan", 'France', "s'étend", 'bordé', 'territoire', 'km²', 'est'}	You are about to receive a sentence in French. Please complete the sentence in French as coherently as possible.You may include additional sentences afterward. Please try to generate human-like text.    Le territoire de la France s'étend sur un territoire de 643 801 km² et
En 1807 , Napoléon Bonaparte a décidé de ne plus respecter le	0.4	2.3	0.62	4	2.17	False	0.38	{'Napoléon', 'décidé', 'respecter', 'Bonaparte'}	You are about to receive a sentence in French. Please complete the sentence in French as coherently as possible.You may include additional sentences afterward. Please try to generate human-like text.    En 1807
En 1807 , l'Empereur Napoléon a signé le traité de	0.38	2.0	0.67	4	2.6	False	0.36	{'signé', 'Napoléon', "l'Empereur"}	You are about to receive a sentence in French. Please complete the sentence in French as coherently as possible.You may include additional sentences afterward. Please try to generate human-like text.    En 1807
En 1807 , l'Empereur Napoléon a signé le traité de Tilsit avec le tsar Alexandre Ier de Russie.  Cela a marqué	0.47	1.5	0.75	4	3.0	False	0.43	{'marqué', 'Napoléon', 'Russie.', 'Tilsit', 'Ier', 'tsar', 'Alexandre', 'signé', "l'Empereur"}	You are about to receive a sentence in French. Please complete the sentence in French as coherently as possible.You may include additional sentences afterward. Please try to generate human-like text.    En 1807 , l'Empereur Napoléon a signé le traité de
En 1807 , l'Empereur Napoléon a signé le traité de Tilsit avec l'Empereur Alexandre Ier de Russie.  Ce traité	0.41	1.4	0.77	4	2.71	False	0.41	{'Napoléon', 'Russie.', 'Tilsit', 'Ier', 'Alexandre', 'signé', "l'Empereur"}	You are about to receive a sentence in French. Please complete the sentence in French as coherently as possible.You may include additional sentences afterward. Please try to generate human-like text.    En 1807 , l'Empereur Napoléon a signé le traité de
En 1807 , l'Empereur Napoléon a signé le traité de Tilsit avec la Russie et la Prusse. Cela a marqué le	0.37	1.9	0.68	4	2.78	False	0.35	{'marqué', 'Napoléon', 'Prusse.', 'signé', 'Tilsit', 'Russie', "l'Empereur"}	You are about to receive a sentence in French. Please complete the sentence in French as coherently as possible.You may include additional sentences afterward. Please try to generate human-like text.    En 1807 , l'Empereur Napoléon a signé le traité de
La population française est très diversifiée, avec une riche histoire et une culture vibrante.  Les	0.47	1.9	0.68	3	3.86	False	0.36	{'histoire', 'riche', 'culture', 'diversifiée,', 'vibrante.', 'est', 'population'}	You are about to receive a sentence in French. Please complete the sentence in French as coherently as possible.You may include additional sentences afterward. Please try to generate human-like text.    La population
En 1830 , la Belgique a déclaré son indépendance vis-à-vis des	0.44	1.4	0.77	2	2.2	False	0.46	{'vis-à-vis', 'Belgique', 'déclaré', 'indépendance'}	You are about to receive a sentence in French. Please complete the sentence in French as coherently as possible.You may include additional sentences afterward. Please try to generate human-like text.    En 1830
En 1830 , la France a acquis l'Algérie en tant que colonie. Depuis	0.36	1.6	0.73	4	2.86	False	0.37	{'colonie.', 'France', 'acquis', "l'Algérie"}	You are about to receive a sentence in French. Please complete the sentence in French as coherently as possible.You may include additional sentences afterward. Please try to generate human-like text.    En 1830
En 1830 , la France a pris le contrôle de l'Algérie et l'a colonisée	0.33	2.0	0.67	3	2.25	False	0.36	{'France', 'contrôle', "l'Algérie", 'colonisée'}	You are about to receive a sentence in French. Please complete the sentence in French as coherently as possible.You may include additional sentences afterward. Please try to generate human-like text.    En 1830
En 1789 , la Révolution française a commencé et a changé le cours de l'histoire	0.38	1.8	0.7	3	2.86	False	0.37	{"l'histoire", 'cours', 'changé', 'commencé', 'Révolution'}	You are about to receive a sentence in French. Please complete the sentence in French as coherently as possible.You may include additional sentences afterward. Please try to generate human-like text.    En 1789
De plus , je veux visiter Paris car j'adore l'art et l'architecture	0.45	1.5	0.75	3	2.83	False	0.43	{"j'adore", "l'architecture", 'visiter', 'Paris', "l'art"}	You are about to receive a sentence in French. Please complete the sentence in French as coherently as possible.You may include additional sentences afterward. Please try to generate human-like text.    De plus
De plus , je veux visiter Paris car j'adore l'art et l'architecture . La ville est si belle et riche en histoire. J'ai hâte de visiter	0.38	1.8	0.7	4	3.0	False	0.35	{"j'adore", "l'art", 'riche', 'histoire.', 'visiter', 'hâte', 'est', 'Paris', "l'architecture"}	You are about to receive a sentence in French. Please complete the sentence in French as coherently as possible.You may include additional sentences afterward. Please try to generate human-like text.    De plus , je veux visiter Paris car j'adore l'art et l'architecture
En 1731 , Jean-Baptiste François Prévost a publié le premier tome de son	0.45	2.3	0.62	3	2.83	False	0.38	{'tome', 'Prévost', 'Jean-Baptiste', 'publié', 'François'}	You are about to receive a sentence in French. Please complete the sentence in French as coherently as possible.You may include additional sentences afterward. Please try to generate human-like text.    En 1731
En 1731 , Louis XV se maria avec sa première femme, Marie	0.4	2.0	0.67	3	3.0	False	0.36	{'maria', 'première', 'Louis', 'Marie'}	You are about to receive a sentence in French. Please complete the sentence in French as coherently as possible.You may include additional sentences afterward. Please try to generate human-like text.    En 1731
En 1731 , Jean-Baptiste François Prévost a publié le premier tome de son roman "Histoire de Manon Lescaut" qui raconte l'histoire	0.47	2.2	0.63	4	3.56	False	0.36	{'tome', "l'histoire", 'Manon', 'Prévost', 'Jean-Baptiste', 'Lescaut"', '"Histoire', 'publié', 'François'}	You are about to receive a sentence in French. Please complete the sentence in French as coherently as possible.You may include additional sentences afterward. Please try to generate human-like text.    En 1731 , Jean-Baptiste François Prévost a publié le premier tome de son
En 1723 , le premier détective de l'histoire, Nicolas Léopold Daubenton,	0.56	1.7	0.72	2	3.25	False	0.46	{'Nicolas', "l'histoire,", 'Léopold', 'Daubenton,', 'détective'}	You are about to receive a sentence in French. Please complete the sentence in French as coherently as possible.You may include additional sentences afterward. Please try to generate human-like text.    En 1723
Le territoire français est situé en Europe et fait partie de l'Union Européenne. Il est	0.47	1.6	0.73	2	3.14	False	0.41	{'situé', "l'Union", 'Européenne.', 'Europe', 'partie', 'territoire', 'est'}	You are about to receive a sentence in French. Please complete the sentence in French as coherently as possible.You may include additional sentences afterward. Please try to generate human-like text.    Le territoire
Le territoire français est situé en Europe et fait partie de l'Union Européenne. Il est bordé par la mer Méditerranée, l'océan Atlantique et	0.48	1.7	0.72	4	3.0	False	0.42	{'situé', "l'Union", 'Européenne.', "l'océan", 'Atlantique', 'Europe', 'partie', 'bordé', 'territoire', 'est', 'Méditerranée,'}	You are about to receive a sentence in French. Please complete the sentence in French as coherently as possible.You may include additional sentences afterward. Please try to generate human-like text.    Le territoire français est situé en Europe et fait partie de l'Union Européenne. Il est
Le territoire français est situé en Europe et fait partie de l'Union Européenne. Il est bordé par la mer Méditerranée, l'océan Atlantique et la Manche. La France est connue pour sa riche histoire, sa culture	0.43	1.9	0.68	4	3.4	False	0.36	{'situé', "l'Union", 'Européenne.', "l'océan", 'France', 'culture', 'riche', 'Atlantique', 'Europe', 'partie', 'bordé', 'territoire', 'est', 'histoire,', 'Méditerranée,'}	You are about to receive a sentence in French. Please complete the sentence in French as coherently as possible.You may include additional sentences afterward. Please try to generate human-like text.    Le territoire français est situé en Europe et fait partie de l'Union Européenne. Il est bordé par la mer Méditerranée, l'océan Atlantique et
Créée par l'architecte français Guillaume Le Breton, la Tour Eiffel est un	0.42	1.5	0.75	2	3.71	False	0.36	{'Breton,', 'Guillaume', "l'architecte", 'Eiffel', 'est'}	You are about to receive a sentence in French. Please complete the sentence in French as coherently as possible.You may include additional sentences afterward. Please try to generate human-like text.    Créée par
Créée par Gustave Eiffel en 1887, la Tour Eiffel est une structure	0.36	1.5	0.75	2	3.17	False	0.36	{'Eiffel', 'structure', 'est', 'Gustave'}	You are about to receive a sentence in French. Please complete the sentence in French as coherently as possible.You may include additional sentences afterward. Please try to generate human-like text.    Créée par
Créée par Charles Baudelaire, la poésie moderne est une forme d'art qui a	0.46	1.7	0.72	3	3.29	False	0.4	{'moderne', "d'art", 'Charles', 'est', 'Baudelaire,', 'forme'}	You are about to receive a sentence in French. Please complete the sentence in French as coherently as possible.You may include additional sentences afterward. Please try to generate human-like text.    Créée par
Créée par Charles Baudelaire, la poésie moderne est une forme d'art qui a révolutionné le monde littéraire.  Elle se caractérise par l'utilisation de	0.43	1.9	0.68	3	3.17	False	0.37	{'moderne', 'caractérise', "d'art", 'Charles', 'est', 'Baudelaire,', 'révolutionné', "l'utilisation", 'littéraire.', 'forme'}	You are about to receive a sentence in French. Please complete the sentence in French as coherently as possible.You may include additional sentences afterward. Please try to generate human-like text.    Créée par Charles Baudelaire, la poésie moderne est une forme d'art qui a
En 1796 , Napoleon Bonaparte s'est marié avec Joséphine de Beauharnais,	0.56	1.3	0.78	2	3.25	False	0.49	{'Joséphine', 'Napoleon', 'marié', 'Bonaparte', 'Beauharnais,'}	You are about to receive a sentence in French. Please complete the sentence in French as coherently as possible.You may include additional sentences afterward. Please try to generate human-like text.    En 1796
En 1796 , Napoléon Bonaparte a mené une campagne en Italie pour	0.4	2.0	0.67	3	2.67	False	0.38	{'campagne', 'Italie', 'Napoléon', 'Bonaparte'}	You are about to receive a sentence in French. Please complete the sentence in French as coherently as possible.You may include additional sentences afterward. Please try to generate human-like text.    En 1796
