Par chance, nous avons réservé une table pour le repas panoramique au sommet	0.46	2.0	0.67	3	3.29	False	0.38	{'chance,', 'repas', 'réservé', 'table', 'sommet', 'panoramique'}
	You are about to receive a sentence in French. Please complete the sentence in that language as coherently as possible. Please include at least one of the following words in your response: panoramique, repas,. You may include additional sentences afterward. Please try to generate human-like text. Above all, please do not write sentences in English (loanwords OK).    Par
Au _ restaurant, j'ai commandé un délicieux steak accompagné de frites	0.5	1.8	0.7	4	3.6	False	0.4	{'accompagné', 'restaurant,', 'frites', 'steak', 'délicieux'}
	You are about to receive a sentence in French. Please complete the sentence in that language as coherently as possible. Please include at least one of the following words in your response: restaurant., zèbre. You may include additional sentences afterward. Please try to generate human-like text. Above all, please do not write sentences in English (loanwords OK). Avoid including random underscores in your response.    Au
Au _ restaurant, j'ai commandé un délicieux steak accompagné de frites en _.  Pour le dessert, j'ai choisi un succulent fondant au	0.45	2.0	0.67	4	3.11	False	0.38	{'délicieux', 'choisi', 'succulent', 'accompagné', 'dessert,', 'frites', 'steak', 'fondant', 'restaurant,'}
	You are about to receive a sentence in French. Please complete the sentence in that language as coherently as possible. Please include at least one of the following words in your response: tempête, dessert.. You may include additional sentences afterward. Please try to generate human-like text. Above all, please do not write sentences in English (loanwords OK). Avoid including random underscores in your response.    Au _ restaurant, j'ai commandé un délicieux steak accompagné de frites
Un climat tropical est caractérisé par des _précipitations_ abondantes et	0.6	1.5	0.75	3	2.5	False	0.54	{'est', 'climat', 'tropical', 'caractérisé', 'abondantes', '_précipitations_'}
	You are about to receive a sentence in French. Please complete the sentence in that language as coherently as possible. Please include at least one of the following words in your response: précipitations, absolument. You may include additional sentences afterward. Please try to generate human-like text. Above all, please do not write sentences in English (loanwords OK). Avoid including random underscores in your response.    Un climat
Un climat chaud est caractérisé par des _précipitations abondantes.  Les	0.5	1.6	0.73	3	3.2	False	0.43	{'abondantes.', 'est', '_précipitations', 'climat', 'caractérisé'}
	You are about to receive a sentence in French. Please complete the sentence in that language as coherently as possible. Please include at least one of the following words in your response: précipitations, absolument. You may include additional sentences afterward. Please try to generate human-like text. Above all, please do not write sentences in English (loanwords OK). Avoid including random underscores in your response.    Un climat
Un climat chaud est caractérisé par des _précipitations abondantes.  Les fruits tropicaux, tels que les mangues et les ananas, sont	0.45	2.0	0.67	4	3.2	False	0.38	{'fruits', 'mangues', 'est', '_précipitations', 'climat', 'caractérisé', 'tropicaux,', 'abondantes.', 'ananas,'}
	You are about to receive a sentence in French. Please complete the sentence in that language as coherently as possible. Please include at least one of the following words in your response: délicieux, comédie. You may include additional sentences afterward. Please try to generate human-like text. Above all, please do not write sentences in English (loanwords OK). Avoid including random underscores in your response.    Un climat chaud est caractérisé par des _précipitations abondantes.  Les
Un climat tropical est caractérisé par des _précipitations_ abondantes et un ensoleillement imprenable. Je recommande de prendre des mesures de protection	0.48	1.9	0.68	4	4.11	False	0.35	{'protection', 'est', 'climat', 'tropical', 'recommande', 'imprenable.', 'caractérisé', 'abondantes', '_précipitations_', 'mesures'}
	You are about to receive a sentence in French. Please complete the sentence in that language as coherently as possible. Please include at least one of the following words in your response: imprenable, recommander. You may include additional sentences afterward. Please try to generate human-like text. Above all, please do not write sentences in English (loanwords OK). Avoid including random underscores in your response.    Un climat tropical est caractérisé par des _précipitations_ abondantes et
Un climat chaud est caractérisé par des _précipitations abondantes.  Les fruits tropicaux sont très délicieux et font partie de nombreux plats traditionnels.	0.45	2.0	0.67	4	3.75	False	0.35	{'fruits', 'est', '_précipitations', 'climat', 'traditionnels.', 'caractérisé', 'abondantes.', 'partie', 'tropicaux', 'délicieux'}
	You are about to receive a sentence in French. Please complete the sentence in that language as coherently as possible. Please include at least one of the following words in your response: délicieux, comédie. You may include additional sentences afterward. Please try to generate human-like text. Above all, please do not write sentences in English (loanwords OK). Avoid including random underscores in your response.    Un climat chaud est caractérisé par des _précipitations abondantes.  Les
Un climat chaud est caractérisé par des _précipitations abondantes.  Les fruits tropicaux, tels que les mangues et les ananas, sont d'une _qualité supérieure en France. Cela est dû au climat	0.4	2.0	0.67	4	3.13	False	0.35	{'fruits', 'mangues', 'supérieure', 'est', 'climat', '_précipitations', 'caractérisé', 'tropicaux,', 'France.', 'abondantes.', 'ananas,', '_qualité'}
	You are about to receive a sentence in French. Please complete the sentence in that language as coherently as possible. Please include at least one of the following words in your response: France., qualité. You may include additional sentences afterward. Please try to generate human-like text. Above all, please do not write sentences in English (loanwords OK). Avoid including random underscores in your response.    Un climat chaud est caractérisé par des _précipitations abondantes.  Les fruits tropicaux, tels que les mangues et les ananas, sont
Un climat chaud est caractérisé par des _précipitations abondantes.  Les fruits tropicaux, tels que les mangues et les ananas, sont de _qualité supérieure en France. En raison de son climat chaud et	0.41	2.2	0.63	4	2.93	False	0.35	{'fruits', 'mangues', 'supérieure', 'est', 'climat', '_précipitations', 'caractérisé', 'tropicaux,', 'France.', 'abondantes.', 'ananas,', 'raison', '_qualité'}
	You are about to receive a sentence in French. Please complete the sentence in that language as coherently as possible. Please include at least one of the following words in your response: France., qualité. You may include additional sentences afterward. Please try to generate human-like text. Above all, please do not write sentences in English (loanwords OK). Avoid including random underscores in your response.    Un climat chaud est caractérisé par des _précipitations abondantes.  Les fruits tropicaux, tels que les mangues et les ananas, sont
En septembre , le décor change et la nature est magnifique. La forêt se pare de ses plus	0.41	2.1	0.65	4	3.2	False	0.35	{'nature', 'change', 'est', 'décor', 'pare', 'forêt', 'septembre'}
	You are about to receive a sentence in French. Please complete the sentence in that language as coherently as possible. Please include at least one of the following words in your response: décor, est. You may include additional sentences afterward. Please try to generate human-like text. Above all, please do not write sentences in English (loanwords OK). Avoid including random underscores in your response.    En septembre
Le ciel _bleu est_ et _la naturel_ est calme. 	0.44	1.6	0.73	3	3.2	False	0.4	{'est_', 'est', 'calme.', 'naturel_'}
	You are about to receive a sentence in French. Please complete the sentence in that language as coherently as possible. Please include at least one of the following words in your response: est, naturel. You may include additional sentences afterward. Please try to generate human-like text. Above all, please do not write sentences in English (loanwords OK). Avoid including random underscores in your response.    Le
Par fois, il est difficile de distinguer entre la réalité et l'illusion. Je	0.38	1.8	0.7	3	2.88	False	0.37	{'est', 'difficile', "l'illusion.", 'distinguer', 'réalité'}
	You are about to receive a sentence in French. Please complete the sentence in that language as coherently as possible. Please include at least one of the following words in your response: unique., illusion. You may include additional sentences afterward. Please try to generate human-like text. Above all, please do not write sentences in English (loanwords OK). Avoid including random underscores in your response.    Par
En_INSERT_RANDOM_YEAR _au restaurant, j'ai demandé au _INSERT_RANDOM_NATIONALITY_adresse le	0.5	2.3	0.62	4	3.75	False	0.36	{'_INSERT_RANDOM_NATIONALITY_adresse', 'En_INSERT_RANDOM_YEAR', '_au', 'restaurant,'}
	You are about to receive a sentence in French. Please complete the sentence in that language as coherently as possible. Please include at least one of the following words in your response: serveur, dessert.. You may include additional sentences afterward. Please try to generate human-like text. Above all, please do not write sentences in English (loanwords OK). Avoid including random underscores in your response.    En_INSERT_RANDOM_YEAR
La forêt amazonienne est __________ par sa biodiversité abondantes. Les	0.56	1.4	0.77	3	2.5	False	0.52	{'est', 'forêt', 'abondantes.', 'amazonienne', 'biodiversité'}
	You are about to receive a sentence in French. Please complete the sentence in that language as coherently as possible. Please include at least one of the following words in your response: abondantes., caractérisé. You may include additional sentences afterward. Please try to generate human-like text. Above all, please do not write sentences in English (loanwords OK). Avoid including random underscores in your response.    La
La forêt tropicale est _______ par sa biodiversité abondante.  Elle	0.56	1.4	0.77	3	2.75	False	0.5	{'est', 'abondante.', 'tropicale', 'forêt', 'biodiversité'}
	You are about to receive a sentence in French. Please complete the sentence in that language as coherently as possible. Please include at least one of the following words in your response: abondantes., caractérisé. You may include additional sentences afterward. Please try to generate human-like text. Above all, please do not write sentences in English (loanwords OK). Avoid including random underscores in your response.    La
La forêt amazonienne est __________ par ses ____________.  La forêt amazonienne	0.33	1.4	0.77	3	2.67	False	0.38	{'forêt', 'est', 'amazonienne'}
	You are about to receive a sentence in French. Please complete the sentence in that language as coherently as possible. Please include at least one of the following words in your response: abondantes., caractérisé. You may include additional sentences afterward. Please try to generate human-like text. Above all, please do not write sentences in English (loanwords OK). Avoid including random underscores in your response.    La
La forêt tropicale est _______ par sa biodiversité abondante.  Elle abrite une variété d'espèces de plantes et d'animaux	0.53	1.7	0.72	3	3.0	False	0.45	{'est', 'abondante.', 'tropicale', 'variété', "d'espèces", 'forêt', 'biodiversité', "d'animaux", 'plantes'}
	You are about to receive a sentence in French. Please complete the sentence in that language as coherently as possible. Please include at least one of the following words in your response: journal, construite. You may include additional sentences afterward. Please try to generate human-like text. Above all, please do not write sentences in English (loanwords OK). Avoid including random underscores in your response.    La forêt tropicale est _______ par sa biodiversité abondante.  Elle
La forêt amazonienne est __________ par sa biodiversité abondantes. Les espèces animales et végétales y trouvent leur __________. 	0.5	1.8	0.7	4	3.12	False	0.42	{'est', 'espèces', 'biodiversité', 'animales', 'forêt', 'abondantes.', 'amazonienne', 'végétales'}
	You are about to receive a sentence in French. Please complete the sentence in that language as coherently as possible. Please include at least one of the following words in your response: maison,, wagon. You may include additional sentences afterward. Please try to generate human-like text. Above all, please do not write sentences in English (loanwords OK). Avoid including random underscores in your response.    La forêt amazonienne est __________ par sa biodiversité abondantes. Les
La forêt tropicale est _______ par sa biodiversité abondante.  Elle abrite de nombreuses espèces animales et végétales, ce qui	0.44	2.0	0.67	4	3.6	False	0.35	{'est', 'végétales,', 'abondante.', 'espèces', 'tropicale', 'animales', 'forêt', 'biodiversité'}
	You are about to receive a sentence in French. Please complete the sentence in that language as coherently as possible. Please include at least one of the following words in your response: journal, construite. You may include additional sentences afterward. Please try to generate human-like text. Above all, please do not write sentences in English (loanwords OK). Avoid including random underscores in your response.    La forêt tropicale est _______ par sa biodiversité abondante.  Elle
La forêt amazonienne est __________ par sa biodiversité abondantes. Les espèces animales et végétales y trouvent leur __________.  La forêt amazonienne est reconnue pour son abondante biodiversité.	0.4	1.7	0.72	4	3.64	False	0.35	{'est', 'abondante', 'espèces', 'biodiversité', 'biodiversité.', 'forêt', 'animales', 'abondantes.', 'amazonienne', 'végétales'}
	You are about to receive a sentence in French. Please complete the sentence in that language as coherently as possible. Please include at least one of the following words in your response: yoga, Eiffel,. You may include additional sentences afterward. Please try to generate human-like text. Above all, please do not write sentences in English (loanwords OK). Avoid including random underscores in your response.    La forêt amazonienne est __________ par sa biodiversité abondantes. Les espèces animales et végétales y trouvent leur __________. 
En France, le vin est pris très __________.  au sérieux. La culture du vin	0.38	1.7	0.72	4	2.57	False	0.39	{'France,', 'vin', 'culture', 'est', 'sérieux.'}
	You are about to receive a sentence in French. Please complete the sentence in that language as coherently as possible. Please include at least one of the following words in your response: vin, sérieux. You may include additional sentences afterward. Please try to generate human-like text. Above all, please do not write sentences in English (loanwords OK).    En
En France, le _______ est un élément très important dans la culture et la gastronomie	0.43	2.0	0.67	3	2.57	False	0.39	{'France,', 'gastronomie', 'élément', 'culture', 'est', 'important'}
	You are about to receive a sentence in French. Please complete the sentence in that language as coherently as possible. Please include at least one of the following words in your response: vin, sérieux. You may include additional sentences afterward. Please try to generate human-like text. Above all, please do not write sentences in English (loanwords OK).    En
En 1957 , le tunnel du Mont Blanc a été inauguré en France et mesure 11 mètres de	0.33	1.8	0.7	4	2.5	False	0.35	{'mesure', 'inauguré', 'tunnel', 'mètres', 'France'}
	You are about to receive a sentence in French. Please complete the sentence in that language as coherently as possible. Please include at least one of the following words in your response: mètres, France.. You may include additional sentences afterward. Please try to generate human-like text. Above all, please do not write sentences in English (loanwords OK).    En 1957
En 1957 , le tunnel du Mont Blanc a été inauguré en France et mesure 11 mètres de long et 4 mètres de large. Le climat à l'intérieur du tunnel est	0.33	1.8	0.7	4	2.62	False	0.35	{"l'intérieur", 'mesure', 'inauguré', 'long', 'tunnel', 'mètres', 'est', 'France', 'climat'}
	You are about to receive a sentence in French. Please complete the sentence in that language as coherently as possible. Please include at least one of the following words in your response: divine., climat. You may include additional sentences afterward. Please try to generate human-like text. Above all, please do not write sentences in English (loanwords OK).    En 1957 , le tunnel du Mont Blanc a été inauguré en France et mesure 11 mètres de
En 1734 , le célèbre naturaliste Georges-Louis Leclerc de Buffon a été	0.4	1.5	0.75	2	2.83	False	0.4	{'Georges-Louis', 'Leclerc', 'Buffon', 'naturaliste'}
	You are about to receive a sentence in French. Please complete the sentence in that language as coherently as possible. Please include at least one of the following words in your response: région, génie. You may include additional sentences afterward. Please try to generate human-like text. Above all, please do not write sentences in English (loanwords OK).    En 1734
En 1734 , le gouverneur de la région nommé Antoine de Lamothe-Cadillac	0.4	1.8	0.7	3	2.6	False	0.39	{'gouverneur', 'Lamothe-Cadillac', 'région', 'Antoine'}
	You are about to receive a sentence in French. Please complete the sentence in that language as coherently as possible. Please include at least one of the following words in your response: région, génie. You may include additional sentences afterward. Please try to generate human-like text. Above all, please do not write sentences in English (loanwords OK).    En 1734
Avec ses musées et ses galeries d'art, la France est un véritable paradis	0.46	1.8	0.7	3	3.67	False	0.38	{"d'art,", 'musées', 'est', 'galeries', 'France', 'paradis'}
	You are about to receive a sentence in French. Please complete the sentence in that language as coherently as possible. Please include at least one of the following words in your response: artistique, France.. You may include additional sentences afterward. Please try to generate human-like text. Above all, please do not write sentences in English (loanwords OK).    Avec
Un climat continental se caractérise par des __températures__ extrêmes, avec des	0.45	2.0	0.67	3	2.8	False	0.4	{'extrêmes,', '__températures__', 'caractérise', 'continental', 'climat'}
	You are about to receive a sentence in French. Please complete the sentence in that language as coherently as possible. Please include at least one of the following words in your response: composée, températures. You may include additional sentences afterward. Please try to generate human-like text. Above all, please do not write sentences in English (loanwords OK).    Un climat
Un climat continental est caractérisé par une grande différence de températures entre l'été	0.46	2.0	0.67	4	3.71	False	0.35	{'caractérisé', 'différence', 'continental', 'températures', 'est', 'climat'}
	You are about to receive a sentence in French. Please complete the sentence in that language as coherently as possible. Please include at least one of the following words in your response: composée, températures. You may include additional sentences afterward. Please try to generate human-like text. Above all, please do not write sentences in English (loanwords OK).    Un climat
En 1941 , le film "Citizen Kane" a surpris les spectateurs avec son décor innovant	0.46	1.6	0.73	3	3.29	False	0.41	{'film', 'Kane"', 'spectateurs', '"Citizen', 'surpris', 'décor'}
	You are about to receive a sentence in French. Please complete the sentence in that language as coherently as possible. Please include at least one of the following words in your response: décor, salade. You may include additional sentences afterward. Please try to generate human-like text. Above all, please do not write sentences in English (loanwords OK).    En 1941
En 1941 , le film "Citizen Kane" a surpris les spectateurs avec son décor innovant et luxuriante.  Ce film est considéré comme un chef-d'œuvre du	0.43	1.7	0.72	3	3.0	False	0.4	{'film', "chef-d'œuvre", 'luxuriante.', 'Kane"', 'spectateurs', '"Citizen', 'décor', 'surpris', 'est', 'considéré'}
	You are about to receive a sentence in French. Please complete the sentence in that language as coherently as possible. Please include at least one of the following words in your response: luxuriante, est. You may include additional sentences afterward. Please try to generate human-like text. Above all, please do not write sentences in English (loanwords OK).    En 1941 , le film "Citizen Kane" a surpris les spectateurs avec son décor innovant
En 1941 , le film "Citizen Kane" a surpris les spectateurs avec son décor innovant et luxuriant.  Le film a été réalisé par Orson Welles, qui est	0.44	1.7	0.72	3	3.0	False	0.4	{'film', 'réalisé', 'Welles,', 'Kane"', 'spectateurs', '"Citizen', 'décor', 'surpris', 'est', 'luxuriant.', 'Orson'}
	You are about to receive a sentence in French. Please complete the sentence in that language as coherently as possible. Please include at least one of the following words in your response: luxuriante, est. You may include additional sentences afterward. Please try to generate human-like text. Above all, please do not write sentences in English (loanwords OK).    En 1941 , le film "Citizen Kane" a surpris les spectateurs avec son décor innovant
