Tu peux résister à la tentation de la végétation luxuriante	0.4	1.8	0.7	3	2.2	False	0.41	{'résister', 'végétation', 'tentation', 'luxuriante'}	['végétation', 'satisfait']	10	Tu peux résister à la tentation
Tu peux résister à la tentation du zèbre, symbole de	0.4	1.8	0.7	3	2.17	False	0.41	{'résister', 'tentation', 'symbole', 'zèbre,'}	['zèbre', 'symbole']	10	Tu peux résister à la tentation
Tu peux résister à la tentation du zèbre, symbole de	0.4	1.8	0.7	3	2.17	False	0.41	{'résister', 'tentation', 'symbole', 'zèbre,'}	['zèbre', 'symbole']	10	Tu peux résister à la tentation
Tu peux résister à la tentation du zèbre, symbole de	0.4	1.8	0.7	3	2.17	False	0.41	{'résister', 'tentation', 'symbole', 'zèbre,'}	['zèbre', 'symbole']	10	Tu peux résister à la tentation
Tu peux résister à la tentation du zèbre, symbole de beauté	0.45	1.7	0.72	3	2.17	False	0.45	{'résister', 'zèbre,', 'tentation', 'beauté', 'symbole'}	['beauté', 'musique']	11	Tu peux résister à la tentation du zèbre, symbole de
Tu peux résister à la tentation du zèbre, symbole de la beauté sauvage et	0.43	1.9	0.68	3	2.14	False	0.42	{'résister', 'zèbre,', 'sauvage', 'tentation', 'beauté', 'symbole'}	['beauté', 'tropical']	14	Tu peux résister à la tentation du zèbre, symbole de
Tu peux résister à la tentation du zèbre, symbole de la beauté tropicale qui	0.43	1.9	0.68	3	2.29	False	0.42	{'résister', 'zèbre,', 'tentation', 'beauté', 'symbole', 'tropicale'}	['beauté', 'tropical']	14	Tu peux résister à la tentation du zèbre, symbole de
Tu peux résister à la tentation du zèbre, symbole de la beauté sauvage du monde	0.4	2.0	0.67	3	2.57	False	0.38	{'résister', 'zèbre,', 'sauvage', 'tentation', 'beauté', 'symbole'}	['beauté', 'tropical']	15	Tu peux résister à la tentation du zèbre, symbole de
Tu peux résister à la tentation du zèbre, symbole de beauté absolument. L'orange du	0.5	1.5	0.75	3	2.17	False	0.49	{'tentation', 'symbole', 'beauté', "L'orange", 'résister', 'absolument.', 'zèbre,'}	['absolument', 'orange']	14	Tu peux résister à la tentation du zèbre, symbole de beauté
Tu peux résister à la tentation du zèbre, symbole de la beauté tropicale qui invite à explorer l'absolument	0.5	1.7	0.72	3	2.29	False	0.48	{'tentation', "l'absolument", 'invite', 'résister', 'zèbre,', 'symbole', 'tropicale', 'explorer', 'beauté'}	['absolument', 'poésie']	18	Tu peux résister à la tentation du zèbre, symbole de la beauté tropicale qui
Tu peux résister à la tentation du zèbre, symbole de beauté absolument fascinante et de	0.47	1.8	0.7	3	2.14	False	0.45	{'tentation', 'symbole', 'fascinante', 'absolument', 'beauté', 'résister', 'zèbre,'}	['absolument', 'orange']	15	Tu peux résister à la tentation du zèbre, symbole de beauté
Tu peux résister à la tentation du zèbre, symbole de beauté absolument. Son pelage rayé	0.47	1.6	0.73	3	2.5	False	0.44	{'tentation', 'symbole', 'beauté', 'pelage', 'résister', 'absolument.', 'zèbre,'}	['absolument', 'orange']	15	Tu peux résister à la tentation du zèbre, symbole de beauté
Tu peux résister à la tentation du zèbre, symbole de beauté absolument fascinante et de grâce artistique	0.53	1.6	0.73	3	2.14	False	0.5	{'artistique', 'tentation', 'absolument', 'grâce', 'résister', 'symbole', 'zèbre,', 'fascinante', 'beauté'}	['tropical', 'artistique']	17	Tu peux résister à la tentation du zèbre, symbole de beauté absolument fascinante et de
Tu peux résister à la tentation du zèbre, symbole de la beauté tropicale qui invite à explorer l'absolument qualité mystérieuse de la nature	0.52	1.7	0.72	3	2.29	False	0.49	{'tentation', 'mystérieuse', "l'absolument", 'invite', 'résister', 'zèbre,', 'nature', 'qualité', 'symbole', 'tropicale', 'explorer', 'beauté'}	['qualité', 'livre']	23	Tu peux résister à la tentation du zèbre, symbole de la beauté tropicale qui invite à explorer l'absolument
Tu peux résister à la tentation du zèbre, symbole de la beauté tropicale qui invite à explorer l'absolument qualité exquise de la nature	0.52	1.7	0.72	3	2.29	False	0.49	{'tentation', "l'absolument", 'invite', 'résister', 'zèbre,', 'nature', 'qualité', 'exquise', 'symbole', 'tropicale', 'explorer', 'beauté'}	['qualité', 'livre']	23	Tu peux résister à la tentation du zèbre, symbole de la beauté tropicale qui invite à explorer l'absolument
Tu peux résister à la tentation du zèbre, symbole de la beauté tropicale qui invite à explorer l'absolument qualité de ce	0.48	1.8	0.7	3	2.25	False	0.46	{'tentation', "l'absolument", 'invite', 'résister', 'zèbre,', 'symbole', 'qualité', 'tropicale', 'explorer', 'beauté'}	['qualité', 'livre']	21	Tu peux résister à la tentation du zèbre, symbole de la beauté tropicale qui invite à explorer l'absolument
Tu peux résister à la tentation du zèbre, symbole de la beauté tropicale qui invite à explorer l'absolument qualité mystérieuse de la nature Triomphe de la jungle	0.52	1.7	0.72	3	2.29	False	0.49	{'tentation', 'jungle', 'mystérieuse', "l'absolument", 'invite', 'résister', 'Triomphe', 'zèbre,', 'nature', 'qualité', 'symbole', 'tropicale', 'explorer', 'beauté'}	['illusion', 'Triomphe']	27	Tu peux résister à la tentation du zèbre, symbole de la beauté tropicale qui invite à explorer l'absolument qualité mystérieuse de la nature
Tu peux résister à la tentation du zèbre, symbole de la beauté tropicale qui invite à explorer l'absolument qualité exquise de la nature orange. La réalité est que cet animal	0.53	1.6	0.73	3	2.4	False	0.49	{'tentation', 'orange.', "l'absolument", 'invite', 'symbole', 'nature', 'qualité', 'exquise', 'tropicale', 'explorer', 'réalité', 'animal', 'est', 'résister', 'zèbre,', 'beauté'}	['réalité', 'orange']	30	Tu peux résister à la tentation du zèbre, symbole de la beauté tropicale qui invite à explorer l'absolument qualité exquise de la nature
Tu peux résister à la tentation du zèbre, symbole de la beauté tropicale qui invite à explorer l'absolument qualité de ce rare fleur, composée	0.5	1.8	0.7	3	2.67	False	0.45	{'tentation', 'composée', "l'absolument", 'invite', 'résister', 'zèbre,', 'symbole', 'qualité', 'tropicale', 'explorer', 'beauté', 'rare'}	['orchidées', 'composée']	24	Tu peux résister à la tentation du zèbre, symbole de la beauté tropicale qui invite à explorer l'absolument qualité de ce
Tu peux résister à la tentation du zèbre, symbole de la beauté tropicale qui invite à explorer l'absolument qualité mystérieuse de la nature et à dévoiler l'illusion	0.48	1.9	0.68	4	2.89	False	0.42	{'tentation', 'mystérieuse', "l'illusion", "l'absolument", 'invite', 'résister', 'zèbre,', 'nature', 'qualité', 'symbole', 'tropicale', 'explorer', 'beauté'}	['illusion', 'Triomphe']	27	Tu peux résister à la tentation du zèbre, symbole de la beauté tropicale qui invite à explorer l'absolument qualité mystérieuse de la nature
En 1887 le théâtre est caractérisé par la diversité des espèces	0.38	1.6	0.73	3	2.4	False	0.4	{'caractérisé', 'théâtre', 'diversité', 'est', 'espèces'}	['espèce', 'composée']	15	En 1887 le théâtre est caractérisé
En 1887 le théâtre est caractérisé par une espèce de magie qui	0.36	1.7	0.72	3	2.5	False	0.38	{'caractérisé', 'magie', 'théâtre', 'espèce', 'est'}	['espèce', 'composée']	16	En 1887 le théâtre est caractérisé
En 1887 le théâtre est caractérisé par la diversité des espèces paris le vin et la culture	0.42	1.7	0.72	3	2.33	False	0.42	{'théâtre', 'est', 'paris', 'espèces', 'culture', 'caractérisé', 'vin', 'diversité'}	['Paris', 'vin']	21	En 1887 le théâtre est caractérisé par la diversité des espèces
En 1887 le théâtre est caractérisé par la diversité des espèces de vins servis dans les	0.39	1.8	0.7	3	2.62	False	0.38	{'caractérisé', 'théâtre', 'diversité', 'est', 'servis', 'espèces', 'vins'}	['Paris', 'vin']	20	En 1887 le théâtre est caractérisé par la diversité des espèces
En 1887 le théâtre est caractérisé par une espèce de magie qui envahit l'espace entier et	0.39	1.8	0.7	3	3.0	False	0.36	{'caractérisé', "l'espace", 'magie', 'théâtre', 'espèce', 'est', 'entier'}	['entier', 'végétation']	20	En 1887 le théâtre est caractérisé par une espèce de magie qui
En 1887 le théâtre est caractérisé par la diversité des espèces de spectacles proposés à Paris.	0.39	1.9	0.68	3	3.12	False	0.35	{'caractérisé', 'théâtre', 'diversité', 'est', 'proposés', 'espèces', 'Paris.'}	['Paris', 'vin']	20	En 1887 le théâtre est caractérisé par la diversité des espèces
En 1887 le théâtre est caractérisé par la diversité des espèces paris le vin et la culture L'architecte	0.45	1.7	0.72	3	2.33	False	0.44	{'théâtre', 'est', 'paris', "L'architecte", 'espèces', 'culture', 'caractérisé', 'vin', 'diversité'}	['précipitations', 'architecte']	22	En 1887 le théâtre est caractérisé par la diversité des espèces paris le vin et la culture
En 1887 le théâtre est caractérisé par la diversité des espèces paris le vin et la culture . L'architecte	0.45	1.7	0.72	3	2.33	False	0.44	{'théâtre', 'est', 'paris', "L'architecte", 'espèces', 'culture', 'caractérisé', 'vin', 'diversité'}	['précipitations', 'architecte']	23	En 1887 le théâtre est caractérisé par la diversité des espèces paris le vin et la culture
En 1887 le théâtre est caractérisé par la diversité des espèces paris le vin et la culture . L'architecte qui a	0.41	1.7	0.72	3	2.25	False	0.42	{'théâtre', 'est', 'paris', "L'architecte", 'espèces', 'culture', 'caractérisé', 'vin', 'diversité'}	['précipitations', 'architecte']	25	En 1887 le théâtre est caractérisé par la diversité des espèces paris le vin et la culture
En 1887 le théâtre est caractérisé par une espèce de magie qui envahit l'espace entier et impose un silence volcanique sur la	0.42	1.8	0.7	3	2.82	False	0.39	{'magie', 'théâtre', 'est', 'entier', 'caractérisé', 'volcanique', "l'espace", 'espèce', 'impose', 'silence'}	['France', 'volcan']	26	En 1887 le théâtre est caractérisé par une espèce de magie qui envahit l'espace entier et
En 1887 le théâtre est caractérisé par la diversité des espèces paris le vin et la culture . L'architecte a recommandé un restaurant gastronomique	0.48	1.6	0.73	3	2.12	False	0.47	{'théâtre', 'est', 'paris', "L'architecte", 'espèces', 'culture', 'caractérisé', 'restaurant', 'vin', 'diversité', 'recommandé', 'gastronomique'}	['restaurant', 'recommande']	28	En 1887 le théâtre est caractérisé par la diversité des espèces paris le vin et la culture . L'architecte
En 1887 le théâtre est caractérisé par la diversité des espèces paris le vin et la culture . L'architecte de ce magnifique édifice recommande	0.44	1.7	0.72	3	3.11	False	0.39	{'théâtre', 'est', 'paris', "L'architecte", 'espèces', 'recommande', 'culture', 'caractérisé', 'vin', 'diversité', 'édifice'}	['restaurant', 'recommande']	28	En 1887 le théâtre est caractérisé par la diversité des espèces paris le vin et la culture . L'architecte
En 1887 le théâtre est caractérisé par une espèce de magie qui envahit l'espace entier et impose un silence volcanique sur la public captivé. Son architecture	0.43	1.8	0.7	4	3.08	False	0.39	{'magie', 'théâtre', 'est', 'architecture', 'entier', 'caractérisé', 'volcanique', "l'espace", 'espèce', 'captivé.', 'impose', 'silence'}	['architecture', 'repas,']	30	En 1887 le théâtre est caractérisé par une espèce de magie qui envahit l'espace entier et impose un silence volcanique sur la
En 1887 le théâtre est caractérisé par la diversité des espèces paris le vin et la culture . L'architecte qui a conçu le restaurant du	0.38	1.9	0.68	4	2.5	False	0.38	{'théâtre', 'est', 'paris', "L'architecte", 'espèces', 'culture', 'caractérisé', 'restaurant', 'vin', 'diversité'}	['restaurant', 'recommande']	29	En 1887 le théâtre est caractérisé par la diversité des espèces paris le vin et la culture . L'architecte
La beauté des orchidées est une source d'inspiration infinie	0.67	1.3	0.78	2	2.67	False	0.58	{'infinie', "d'inspiration", 'est', 'source', 'beauté', 'orchidées'}	['salade', 'orchidées']	9	La beauté des orchidées est
La beauté des orchidées est incomparable, avec leurs couleurs	0.56	1.6	0.73	3	3.5	False	0.45	{'est', 'incomparable,', 'beauté', 'couleurs', 'orchidées'}	['salade', 'orchidées']	9	La beauté des orchidées est
La beauté des orchidées est un chef-d'œuvre de la	0.44	2.0	0.67	3	2.2	False	0.42	{'est', "chef-d'œuvre", 'orchidées', 'beauté'}	['architecture', 'orchidées']	9	La beauté des orchidées est
La beauté des orchidées est une source d'inspiration infinie pour créer une atmosphère tropicale	0.57	1.6	0.73	4	3.4	False	0.47	{'est', 'source', 'orchidées', 'atmosphère', 'tropicale', 'infinie', "d'inspiration", 'beauté'}	['recommande', 'tropical']	14	La beauté des orchidées est une source d'inspiration infinie
La beauté des orchidées est une source d'inspiration infinie pour créer une atmosphère tropicale	0.57	1.6	0.73	4	3.4	False	0.47	{'est', 'source', 'orchidées', 'atmosphère', 'tropicale', 'infinie', "d'inspiration", 'beauté'}	['recommande', 'tropical']	14	La beauté des orchidées est une source d'inspiration infinie
La beauté des orchidées est incomparable, avec leurs couleurs luxuriantes et leur parfum	0.54	1.7	0.72	3	3.33	False	0.44	{'orchidées', 'luxuriantes', 'est', 'parfum', 'incomparable,', 'couleurs', 'beauté'}	['luxuriante', 'hôpital']	13	La beauté des orchidées est incomparable, avec leurs couleurs
La beauté des orchidées est une source d'inspiration infinie Je recommande de les observer de près pour	0.47	1.9	0.68	4	2.88	False	0.42	{'est', 'source', 'recommande', 'orchidées', 'infinie', "d'inspiration", 'observer', 'beauté'}	['recommande', 'tropical']	17	La beauté des orchidées est une source d'inspiration infinie
La beauté des orchidées est une source d'inspiration infinie pour créer une atmosphère tropicale accompagnée d'une ambiance	0.59	1.6	0.73	4	3.67	False	0.47	{'est', 'source', 'orchidées', 'atmosphère', 'accompagnée', 'tropicale', 'infinie', "d'inspiration", 'ambiance', 'beauté'}	['qualité', 'accompagné']	17	La beauté des orchidées est une source d'inspiration infinie pour créer une atmosphère tropicale
La beauté des orchidées est incomparable, avec leurs couleurs luxuriantes et leur parfum noble.	0.57	1.6	0.73	3	3.33	False	0.47	{'luxuriantes', 'noble.', 'est', 'parfum', 'incomparable,', 'couleurs', 'orchidées', 'beauté'}	['banane', 'noble']	14	La beauté des orchidées est incomparable, avec leurs couleurs luxuriantes et leur parfum
La beauté des orchidées est incomparable, avec leurs couleurs luxuriantes et leur parfum noble.	0.57	1.6	0.73	3	3.33	False	0.47	{'luxuriantes', 'noble.', 'est', 'parfum', 'incomparable,', 'couleurs', 'orchidées', 'beauté'}	['banane', 'noble']	14	La beauté des orchidées est incomparable, avec leurs couleurs luxuriantes et leur parfum
La beauté des orchidées est une source d'inspiration infinie pour créer une atmosphère tropicale Paris, caractérisé par son	0.56	1.8	0.7	4	3.29	False	0.45	{'est', 'source', 'orchidées', 'Paris,', 'atmosphère', 'tropicale', 'caractérisé', 'infinie', "d'inspiration", 'beauté'}	['Paris', 'caractérisé']	18	La beauté des orchidées est une source d'inspiration infinie pour créer une atmosphère tropicale
La beauté des orchidées est une source d'inspiration infinie pour créer une atmosphère tropicale Paris, caractérisé par son village animé et sa diversité	0.57	1.8	0.7	4	3.0	False	0.47	{'village', 'est', 'source', 'orchidées', 'Paris,', 'atmosphère', 'tropicale', 'caractérisé', 'animé', 'infinie', "d'inspiration", 'diversité', 'beauté'}	['village', 'joie']	23	La beauté des orchidées est une source d'inspiration infinie pour créer une atmosphère tropicale Paris, caractérisé par son
La beauté des orchidées est incomparable, avec leurs couleurs luxuriantes et leur parfum noble. Elles illuminent le village entier de	0.55	1.6	0.73	3	3.22	False	0.46	{'village', 'illuminent', 'luxuriantes', 'noble.', 'est', 'parfum', 'incomparable,', 'couleurs', 'orchidées', 'entier', 'beauté'}	['lumière', 'village']	20	La beauté des orchidées est incomparable, avec leurs couleurs luxuriantes et leur parfum noble.
La beauté des orchidées est une source d'inspiration infinie pour créer une atmosphère tropicale Paris, caractérisé par son village Montmartre, regorge de	0.55	1.7	0.72	4	3.56	False	0.43	{'village', 'est', 'source', 'orchidées', 'Paris,', 'Montmartre,', 'atmosphère', 'tropicale', 'caractérisé', 'infinie', "d'inspiration", 'beauté'}	['village', 'joie']	22	La beauté des orchidées est une source d'inspiration infinie pour créer une atmosphère tropicale Paris, caractérisé par son
La beauté des orchidées est incomparable, avec leurs couleurs luxuriantes et leur parfum noble. Elles illuminent le village de leur	0.5	1.8	0.7	3	3.22	False	0.42	{'village', 'illuminent', 'luxuriantes', 'noble.', 'est', 'parfum', 'incomparable,', 'couleurs', 'orchidées', 'beauté'}	['lumière', 'village']	20	La beauté des orchidées est incomparable, avec leurs couleurs luxuriantes et leur parfum noble.
La beauté des orchidées est une source d'inspiration infinie pour créer une atmosphère tropicale Paris, caractérisé par son village animé et sa diversité culturelle, est une destination	0.56	1.7	0.72	4	3.0	False	0.47	{'village', 'culturelle,', 'Paris,', 'atmosphère', 'tropicale', 'caractérisé', 'destination', 'est', 'source', 'orchidées', 'animé', 'infinie', "d'inspiration", 'diversité', 'beauté'}	['emblématique', 'tropicale']	27	La beauté des orchidées est une source d'inspiration infinie pour créer une atmosphère tropicale Paris, caractérisé par son village animé et sa diversité
La beauté des orchidées est une source d'inspiration infinie pour créer une atmosphère tropicale Paris, caractérisé par son village animé et sa diversité culturelle, est une destination	0.56	1.7	0.72	4	3.0	False	0.47	{'village', 'culturelle,', 'Paris,', 'atmosphère', 'tropicale', 'caractérisé', 'destination', 'est', 'source', 'orchidées', 'animé', 'infinie', "d'inspiration", 'diversité', 'beauté'}	['emblématique', 'tropicale']	27	La beauté des orchidées est une source d'inspiration infinie pour créer une atmosphère tropicale Paris, caractérisé par son village animé et sa diversité
La beauté des orchidées est une source d'inspiration infinie pour créer une atmosphère tropicale Paris, caractérisé par son village animé et sa diversité culturelle, est une destination	0.56	1.7	0.72	4	3.0	False	0.47	{'village', 'culturelle,', 'Paris,', 'atmosphère', 'tropicale', 'caractérisé', 'destination', 'est', 'source', 'orchidées', 'animé', 'infinie', "d'inspiration", 'diversité', 'beauté'}	['emblématique', 'tropicale']	27	La beauté des orchidées est une source d'inspiration infinie pour créer une atmosphère tropicale Paris, caractérisé par son village animé et sa diversité
La beauté des orchidées est incomparable, avec leurs couleurs luxuriantes et leur parfum noble. Elles illuminent le village entier de leur délicieux parfum,	0.57	1.6	0.73	3	3.22	False	0.47	{'village', 'illuminent', 'luxuriantes', 'noble.', 'est', 'parfum', 'incomparable,', 'couleurs', 'parfum,', 'délicieux', 'orchidées', 'entier', 'beauté'}	['symbole', 'délicieux']	23	La beauté des orchidées est incomparable, avec leurs couleurs luxuriantes et leur parfum noble. Elles illuminent le village entier de
En France, l'architecte doit respecter un certain sérieux dans la construction d'un supermarché pour	0.5	2.0	0.67	3	3.14	False	0.41	{'respecter', "l'architecte", 'sérieux', 'construction', 'supermarché', 'certain', 'France,'}	['panoramique', 'supermarché']	14	En France, l'architecte doit respecter un certain sérieux dans
En 2047 , j'ai visité Paris et j'ai été subjugué par le parfum	0.36	1.8	0.7	3	2.67	False	0.37	{'visité', 'parfum', 'subjugué', 'Paris'}	['parfum', 'résidence']	13	En 2047 , j'ai visité Paris et j'ai
En 1881 la Tour Eiffel a été construite absolument	0.38	1.2	0.8	2	2.4	False	0.43	{'construite', 'Eiffel', 'absolument'}	['restaurant', 'absolument']	9	En 1881 la Tour Eiffel a été construite
En 1881 la Tour Eiffel a été construite à Paris, créant une nouvelle expérience	0.38	1.8	0.7	3	3.0	False	0.36	{'créant', 'Eiffel', 'construite', 'expérience', 'Paris,'}	['frites', 'expérience']	14	En 1881 la Tour Eiffel a été construite
Lors du repas, la famille royale a été accompagnée de musiciens	0.45	1.7	0.72	3	2.33	False	0.44	{'famille', 'repas,', 'royale', 'musiciens', 'accompagnée'}	['réalité', 'accompagné']	11	Lors du repas, la famille royale a
Lors du repas, la famille royale a été accompagnée par un orchestre	0.42	1.8	0.7	3	2.43	False	0.41	{'famille', 'repas,', 'royale', 'orchestre', 'accompagnée'}	['réalité', 'accompagné']	12	Lors du repas, la famille royale a
Lors du repas, la famille royale a été accompagnée par un orchestre de	0.38	2.0	0.67	3	2.38	False	0.38	{'famille', 'repas,', 'royale', 'orchestre', 'accompagnée'}	['réalité', 'accompagné']	13	Lors du repas, la famille royale a
Lors d'un repas noble, il est important de cuire le steak à la	0.38	2.0	0.67	4	2.75	False	0.36	{'est', 'noble,', 'repas', 'steak', 'important'}	['steak', 'température']	13	Lors d'un repas noble, il est important
Lors du repas, la famille royale a été accompagnée de musiciens originaires de différentes régions du	0.5	1.7	0.72	3	2.33	False	0.47	{'repas,', 'musiciens', 'différentes', 'accompagnée', 'régions', 'famille', 'originaires', 'royale'}	['différente,', 'région']	16	Lors du repas, la famille royale a été accompagnée de musiciens
Lors du repas, la famille royale a été accompagnée par un orchestre construite de musiciens	0.47	1.8	0.7	3	2.38	False	0.44	{'famille', 'repas,', 'royale', 'orchestre', 'construite', 'musiciens', 'accompagnée'}	['construite', 'précipitations']	15	Lors du repas, la famille royale a été accompagnée par un orchestre
Lors du repas, la famille royale a été accompagnée de musiciens venus de différentes régions pour divertir	0.47	1.8	0.7	3	3.25	False	0.4	{'repas,', 'musiciens', 'différentes', 'accompagnée', 'régions', 'famille', 'royale', 'venus'}	['différente,', 'région']	17	Lors du repas, la famille royale a été accompagnée de musiciens
Lors du repas, la famille royale a été accompagnée de musiciens venus de différentes régions pour divertir le décor somptueux du	0.48	1.8	0.7	4	3.11	False	0.41	{'repas,', 'musiciens', 'différentes', 'accompagnée', 'régions', 'famille', 'royale', 'venus', 'décor', 'somptueux'}	['décor', 'espèce']	21	Lors du repas, la famille royale a été accompagnée de musiciens venus de différentes régions pour divertir
Lors du repas, la famille royale a été accompagnée de musiciens venus de différentes régions pour divertir le décor et créer une ambiance	0.43	2.0	0.67	4	3.17	False	0.37	{'repas,', 'musiciens', 'différentes', 'accompagnée', 'régions', 'famille', 'ambiance', 'royale', 'décor', 'venus'}	['décor', 'espèce']	23	Lors du repas, la famille royale a été accompagnée de musiciens venus de différentes régions pour divertir
Lors du repas, la famille royale a été accompagnée de musiciens venus de différentes régions pour divertir le décor somptueux du restaurant.	0.5	1.8	0.7	4	3.11	False	0.42	{'repas,', 'musiciens', 'restaurant.', 'différentes', 'accompagnée', 'régions', 'famille', 'royale', 'venus', 'décor', 'somptueux'}	['volcan', 'restaurant']	22	Lors du repas, la famille royale a été accompagnée de musiciens venus de différentes régions pour divertir le décor somptueux du
Lors du repas, la famille royale a été accompagnée de musiciens venus de différentes régions pour divertir le décor somptueux du restaurant.	0.5	1.8	0.7	4	3.11	False	0.42	{'repas,', 'musiciens', 'restaurant.', 'différentes', 'accompagnée', 'régions', 'famille', 'royale', 'venus', 'décor', 'somptueux'}	['volcan', 'restaurant']	22	Lors du repas, la famille royale a été accompagnée de musiciens venus de différentes régions pour divertir le décor somptueux du
Lors du repas, la famille royale a été accompagnée de musiciens venus de différentes régions pour divertir le décor somptueux du restaurant.	0.5	1.8	0.7	4	3.11	False	0.42	{'repas,', 'musiciens', 'restaurant.', 'différentes', 'accompagnée', 'régions', 'famille', 'royale', 'venus', 'décor', 'somptueux'}	['volcan', 'restaurant']	22	Lors du repas, la famille royale a été accompagnée de musiciens venus de différentes régions pour divertir le décor somptueux du
Lors du repas, la famille royale a été accompagnée de musiciens venus de différentes régions pour divertir le décor somptueux du restaurant.	0.5	1.8	0.7	4	3.11	False	0.42	{'repas,', 'musiciens', 'restaurant.', 'différentes', 'accompagnée', 'régions', 'famille', 'royale', 'venus', 'décor', 'somptueux'}	['volcan', 'restaurant']	22	Lors du repas, la famille royale a été accompagnée de musiciens venus de différentes régions pour divertir le décor somptueux du
Lors du repas, la famille royale a été accompagnée de musiciens venus de différentes régions pour divertir le décor somptueux du restaurant. Le repas était délicieux, et	0.48	1.8	0.7	4	3.08	False	0.42	{'repas,', 'musiciens', 'restaurant.', 'délicieux,', 'différentes', 'accompagnée', 'régions', 'famille', 'repas', 'royale', 'décor', 'venus', 'somptueux'}	['journal', 'délicieux']	27	Lors du repas, la famille royale a été accompagnée de musiciens venus de différentes régions pour divertir le décor somptueux du restaurant.
Lors du repas, la famille royale a été accompagnée de musiciens venus de différentes régions pour divertir le décor somptueux du restaurant. Le repas était délicieux et les	0.46	1.9	0.68	4	3.08	False	0.4	{'repas,', 'musiciens', 'restaurant.', 'délicieux', 'différentes', 'accompagnée', 'régions', 'famille', 'repas', 'royale', 'décor', 'venus', 'somptueux'}	['journal', 'délicieux']	28	Lors du repas, la famille royale a été accompagnée de musiciens venus de différentes régions pour divertir le décor somptueux du restaurant.
Lors du repas, la famille royale a été accompagnée de musiciens venus de différentes régions pour divertir le décor somptueux du restaurant. Le repas était délicieux et les	0.46	1.9	0.68	4	3.08	False	0.4	{'repas,', 'musiciens', 'restaurant.', 'délicieux', 'différentes', 'accompagnée', 'régions', 'famille', 'repas', 'royale', 'décor', 'venus', 'somptueux'}	['journal', 'délicieux']	28	Lors du repas, la famille royale a été accompagnée de musiciens venus de différentes régions pour divertir le décor somptueux du restaurant.
Lors du repas, la famille royale a été accompagnée de musiciens venus de différentes régions pour divertir le décor somptueux du restaurant. Les plats servis étaient délicieux	0.48	1.8	0.7	4	3.58	False	0.39	{'repas,', 'musiciens', 'restaurant.', 'délicieux', 'différentes', 'accompagnée', 'régions', 'famille', 'royale', 'venus', 'servis', 'décor', 'somptueux'}	['journal', 'délicieux']	27	Lors du repas, la famille royale a été accompagnée de musiciens venus de différentes régions pour divertir le décor somptueux du restaurant.
Une salade César serait délicieuse pour accompagner votre steak, n'est-ce pas ?	0.55	1.5	0.75	2	4.2	False	0.42	{'délicieuse', 'César', 'salade', 'accompagner', "n'est-ce", 'steak,'}	['steak', 'serveur']	12	Une salade César serait délicieuse pour accompagner
Une salade César serait délicieuse pour accompagner ce steak. Le serveur recommande également	0.54	1.4	0.77	2	4.33	False	0.41	{'délicieuse', 'salade', 'César', 'serveur', 'accompagner', 'steak.', 'recommande'}	['steak', 'serveur']	13	Une salade César serait délicieuse pour accompagner
Une salade César serait délicieuse pour accompagner ce steak, je vais demander au	0.46	1.8	0.7	3	3.29	False	0.4	{'délicieuse', 'César', 'demander', 'salade', 'accompagner', 'steak,'}	['steak', 'serveur']	13	Une salade César serait délicieuse pour accompagner
Une salade César serait délicieuse avec sa sauce au restaurant italien ce soir.	0.46	1.8	0.7	3	3.43	False	0.39	{'restaurant', 'délicieuse', 'sauce', 'César', 'italien', 'salade'}	['restaurant', 'tiramisu']	13	Une salade César serait délicieuse avec sa sauce
Une salade César serait délicieuse pour accompagner ce steak. Le serveur recommande également de résister à la tentation	0.5	1.7	0.72	3	3.44	False	0.42	{'tentation', 'serveur', 'résister', 'salade', 'accompagner', 'steak.', 'recommande', 'délicieuse', 'César'}	['résister', 'unique']	18	Une salade César serait délicieuse pour accompagner ce steak. Le serveur recommande également
Une salade César serait délicieuse avec sa sauce au restaurant italien ce soir. La mélodie du violoncelle	0.47	1.8	0.7	3	3.11	False	0.4	{'sauce', 'italien', 'salade', 'violoncelle', 'mélodie', 'restaurant', 'délicieuse', 'César'}	['mélodie', 'touriste']	17	Une salade César serait délicieuse avec sa sauce au restaurant italien ce soir.
Une salade César serait délicieuse avec sa sauce au restaurant italien ce soir. Le touriste a choisi cette salade	0.42	1.8	0.7	3	3.2	False	0.37	{'choisi', 'sauce', 'italien', 'salade', 'restaurant', 'délicieuse', 'César', 'touriste'}	['mélodie', 'touriste']	19	Une salade César serait délicieuse avec sa sauce au restaurant italien ce soir.
Une salade César serait délicieuse avec sa sauce au restaurant italien ce soir. La mélodie douce des guitares	0.44	1.9	0.68	3	3.4	False	0.37	{'sauce', 'italien', 'salade', 'restaurant', 'mélodie', 'délicieuse', 'César', 'guitares'}	['mélodie', 'touriste']	18	Une salade César serait délicieuse avec sa sauce au restaurant italien ce soir.
De plus la banane est un fruit très tropical. Son origine est située	0.46	1.4	0.77	2	2.83	False	0.44	{'tropical.', 'est', 'fruit', 'origine', 'banane', 'située'}	['électricité', 'tropical']	13	De plus la banane est un fruit très
De plus la banane est un fruit très tropical, riche en vitamines et	0.46	1.7	0.72	2	2.57	False	0.43	{'riche', 'est', 'fruit', 'vitamines', 'banane', 'tropical,'}	['électricité', 'tropical']	13	De plus la banane est un fruit très
De plus la banane est un fruit très tropical et riche en	0.42	1.8	0.7	2	2.57	False	0.4	{'riche', 'est', 'tropical', 'banane', 'fruit'}	['électricité', 'tropical']	12	De plus la banane est un fruit très
De plus la banane est un fruit très tropical et riche en	0.42	1.8	0.7	2	2.57	False	0.4	{'riche', 'est', 'tropical', 'banane', 'fruit'}	['électricité', 'tropical']	12	De plus la banane est un fruit très
Cette espèce de plante est très appréciée pour sa qualité	0.5	1.8	0.7	3	3.4	False	0.41	{'qualité', 'plante', 'espèce', 'est', 'appréciée'}	['entier', 'qualité']	10	Cette espèce de plante est très
Cette espèce de plante est très appréciée pour sa qualité	0.5	1.8	0.7	3	3.4	False	0.41	{'qualité', 'plante', 'espèce', 'est', 'appréciée'}	['entier', 'qualité']	10	Cette espèce de plante est très
Cette espèce de plante est très appréciée pour sa qualité	0.5	1.8	0.7	3	3.4	False	0.41	{'qualité', 'plante', 'espèce', 'est', 'appréciée'}	['entier', 'qualité']	10	Cette espèce de plante est très
Cette espèce de plante est très appréciée pour sa qualité	0.5	1.8	0.7	3	3.4	False	0.41	{'qualité', 'plante', 'espèce', 'est', 'appréciée'}	['entier', 'qualité']	10	Cette espèce de plante est très
Cette espèce de plante est très appréciée pour sa qualité artistique.	0.55	1.7	0.72	3	3.4	False	0.44	{'qualité', 'artistique.', 'plante', 'espèce', 'est', 'appréciée'}	['zoo', 'artistique']	11	Cette espèce de plante est très appréciée pour sa qualité
Cette espèce de plante est très appréciée pour sa qualité artistique.	0.55	1.7	0.72	3	3.4	False	0.44	{'qualité', 'artistique.', 'plante', 'espèce', 'est', 'appréciée'}	['zoo', 'artistique']	11	Cette espèce de plante est très appréciée pour sa qualité
Cette espèce de plante est très appréciée pour sa qualité artistique.	0.55	1.7	0.72	3	3.4	False	0.44	{'qualité', 'artistique.', 'plante', 'espèce', 'est', 'appréciée'}	['zoo', 'artistique']	11	Cette espèce de plante est très appréciée pour sa qualité
Cette espèce de plante est très appréciée pour sa qualité artistique.	0.55	1.7	0.72	3	3.4	False	0.44	{'qualité', 'artistique.', 'plante', 'espèce', 'est', 'appréciée'}	['zoo', 'artistique']	11	Cette espèce de plante est très appréciée pour sa qualité
Cette espèce de plante est très appréciée pour sa qualité artistique. Elle possède une beauté unique	0.56	1.6	0.73	3	3.43	False	0.46	{'artistique.', 'est', 'appréciée', 'qualité', 'plante', 'espèce', 'unique', 'possède', 'beauté'}	['steak', 'unique']	16	Cette espèce de plante est très appréciée pour sa qualité artistique.
Cette espèce de plante est très appréciée pour sa qualité artistique. Elle possède une beauté unique	0.56	1.6	0.73	3	3.43	False	0.46	{'artistique.', 'est', 'appréciée', 'qualité', 'plante', 'espèce', 'unique', 'possède', 'beauté'}	['steak', 'unique']	16	Cette espèce de plante est très appréciée pour sa qualité artistique.
Cette espèce de plante est très appréciée pour sa qualité artistique. Son feuillage unique ajoute une touche	0.47	1.9	0.68	3	4.22	False	0.35	{'artistique.', 'est', 'touche', 'appréciée', 'qualité', 'plante', 'espèce', 'unique'}	['steak', 'unique']	17	Cette espèce de plante est très appréciée pour sa qualité artistique.
Cette espèce de plante est très appréciée pour sa qualité artistique. Elle possède une beauté unique qui attire les	0.47	1.9	0.68	4	3.6	False	0.38	{'artistique.', 'est', 'appréciée', 'qualité', 'plante', 'espèce', 'unique', 'possède', 'beauté'}	['qualité', 'kiosque']	19	Cette espèce de plante est très appréciée pour sa qualité artistique. Elle possède une beauté unique
Cette espèce de plante est très appréciée pour sa qualité artistique. Son feuillage tropical apporte une touche d'exotisme à notre village	0.48	1.9	0.68	3	4.09	False	0.36	{'village', 'artistique.', 'est', 'touche', "d'exotisme", 'appréciée', 'qualité', 'plante', 'espèce', 'tropical'}	['village', 'tempête']	21	Cette espèce de plante est très appréciée pour sa qualité artistique. Son feuillage tropical apporte une touche
Par certains aspects de la région tropicale se caractérisent par la présence	0.42	1.8	0.7	3	3.33	False	0.36	{'aspects', 'région', 'caractérisent', 'présence', 'tropicale'}	['volcan', 'tropical']	12	Par certains aspects de la région tropicale
Par certains aspects de la région tropicale se caractérise par sa diversité de symboles	0.43	1.9	0.68	3	3.14	False	0.37	{'région', 'diversité', 'aspects', 'symboles', 'caractérise', 'tropicale'}	['symbole', 'festival']	14	Par certains aspects de la région tropicale se caractérise par sa diversité de
Par certains aspects de la région tropicale se caractérise par sa diversité de symboles culturels et de ses festivals	0.42	2.0	0.67	4	3.0	False	0.37	{'aspects', 'culturels', 'région', 'caractérise', 'tropicale', 'diversité', 'festivals', 'symboles'}	['symbole', 'festival']	19	Par certains aspects de la région tropicale se caractérise par sa diversité de
Par certains aspects de la région tropicale se distinguent par la présence de l'architecture	0.43	1.9	0.68	3	3.33	False	0.36	{'présence', 'aspects', 'région', 'distinguent', "l'architecture", 'tropicale'}	['illusion', 'architecture']	14	Par certains aspects de la région tropicale se distinguent par la présence de
En 1824 le théâtre de la région a été composée de pièces classiques et	0.38	2.0	0.67	3	2.0	False	0.4	{'théâtre', 'composée', 'classiques', 'région', 'pièces'}	['repas,', 'composée']	14	En 1824 le théâtre de la région a été
En 1824 le théâtre de la région a été composée de pièces classiques et contemporaines, reflétant ainsi la	0.41	2.0	0.67	3	2.38	False	0.39	{'théâtre', 'composée', 'reflétant', 'classiques', 'région', 'contemporaines,', 'pièces'}	['région', 'architecture']	18	En 1824 le théâtre de la région a été composée de pièces classiques et
En 1824 le théâtre de la région a été composée de pièces classiques et a été décoré dans un style	0.37	2.2	0.63	4	2.22	False	0.36	{'théâtre', 'composée', 'classiques', 'région', 'décoré', 'pièces', 'style'}	['région', 'architecture']	20	En 1824 le théâtre de la région a été composée de pièces classiques et
En 1824 le théâtre s'est enrichi d'un nouveau décor abondante, caractérisé par	0.42	1.7	0.72	3	3.83	False	0.35	{'caractérisé', 'théâtre', 'enrichi', 'décor', 'abondante,'}	['abondante', 'caractérisé']	14	En 1824 En 1824, le théâtre s'est enrichi d'un nouveau décor
En 1824 le théâtre s'est enrichi d'un nouveau décor abondante, caractérisé par	0.42	1.7	0.72	3	3.83	False	0.35	{'caractérisé', 'théâtre', 'enrichi', 'décor', 'abondante,'}	['abondante', 'caractérisé']	14	En 1824 En 1824, le théâtre s'est enrichi d'un nouveau décor
En 1824 le théâtre de la région a été composée de pièces classiques et contemporaines, reflétant ainsi la richesse de l'architecture locale et	0.45	1.9	0.68	3	2.38	False	0.43	{'théâtre', 'composée', 'région', 'locale', 'pièces', 'richesse', 'reflétant', 'classiques', 'contemporaines,', "l'architecture"}	['architecture', 'naturel']	23	En 1824 le théâtre de la région a été composée de pièces classiques et contemporaines, reflétant ainsi la
En 1824 le théâtre de la région a été composée de pièces classiques et contemporaines, reflétant ainsi la richesse de l'architecture	0.45	1.9	0.68	3	2.38	False	0.42	{'théâtre', 'composée', 'région', 'pièces', 'richesse', 'reflétant', 'classiques', 'contemporaines,', "l'architecture"}	['architecture', 'naturel']	21	En 1824 le théâtre de la région a été composée de pièces classiques et contemporaines, reflétant ainsi la
En 1824 le théâtre de la région a été composée de pièces classiques et contemporaines, reflétant ainsi la richesse de l'architecture locale et la	0.43	2.0	0.67	3	2.38	False	0.41	{'théâtre', 'composée', 'région', 'locale', 'pièces', 'richesse', 'reflétant', 'classiques', 'contemporaines,', "l'architecture"}	['architecture', 'naturel']	24	En 1824 le théâtre de la région a été composée de pièces classiques et contemporaines, reflétant ainsi la
En 1824 le théâtre de la région a été composée de pièces classiques et a été décoré dans un style différent. L'hôpital	0.43	2.1	0.65	4	2.22	False	0.41	{'théâtre', 'différent.', 'composée', 'région', 'décoré', 'pièces', "L'hôpital", 'classiques', 'style'}	['hôpital', 'différente,']	22	En 1824 le théâtre de la région a été composée de pièces classiques et a été décoré dans un style
Son festival de chocolat préféré est celui qui propose une sélection abondante	0.58	1.6	0.73	3	3.2	False	0.48	{'est', 'préféré', 'sélection', 'festival', 'abondante', 'chocolat', 'propose'}	['abondante', 'satisfait']	12	Son festival de chocolat préféré est
Son festival de chocolat préféré est celui qui propose une sélection abondante	0.58	1.6	0.73	3	3.2	False	0.48	{'est', 'préféré', 'sélection', 'festival', 'abondante', 'chocolat', 'propose'}	['abondante', 'satisfait']	12	Son festival de chocolat préféré est
Son festival de chocolat préféré est celui qui propose une sélection abondante	0.58	1.6	0.73	3	3.2	False	0.48	{'est', 'préféré', 'sélection', 'festival', 'abondante', 'chocolat', 'propose'}	['abondante', 'satisfait']	12	Son festival de chocolat préféré est
Son festival de chocolat préféré est sur une île	0.44	2.0	0.67	4	2.8	False	0.39	{'est', 'festival', 'chocolat', 'préféré'}	['île', 'week-end']	9	Son festival de chocolat préféré est
Son festival de chocolat préféré est celui qui propose une sélection abondante de douceurs divines venant du	0.47	2.0	0.67	3	4.0	False	0.35	{'est', 'préféré', 'sélection', 'divines', 'chocolat', 'propose', 'abondante', 'festival'}	['divine', 'illusion']	17	Son festival de chocolat préféré est celui qui propose une sélection abondante
La beauté divine de la nature est une source de joie incommensurable	0.5	1.8	0.7	3	2.6	False	0.45	{'est', 'source', 'divine', 'incommensurable', 'beauté', 'nature'}	['joie', 'hôpital']	12	La beauté divine de la nature est
La beauté divine de la nature est une source de joie	0.45	2.0	0.67	3	2.6	False	0.41	{'est', 'source', 'divine', 'beauté', 'nature'}	['joie', 'hôpital']	11	La beauté divine de la nature est
La beauté divine de la nature est une source de joie infinie pour	0.46	2.0	0.67	3	2.83	False	0.4	{'infinie', 'est', 'source', 'divine', 'beauté', 'nature'}	['joie', 'hôpital']	13	La beauté divine de la nature est
La beauté divine de la nature est une source de joie infinie pour	0.46	2.0	0.67	3	2.83	False	0.4	{'infinie', 'est', 'source', 'divine', 'beauté', 'nature'}	['joie', 'hôpital']	13	La beauté divine de la nature est
La beauté divine de la nature est une source de joie incommensurable , félicitations pour cette observation si	0.47	2.0	0.67	3	3.0	False	0.4	{'est', 'source', 'observation', 'incommensurable', 'nature', 'félicitations', 'beauté', 'divine'}	['félicitations', 'repas,']	18	La beauté divine de la nature est une source de joie incommensurable
La beauté divine de la nature est une source de joie incommensurable félicitations pour votre mariage dans ce	0.44	2.1	0.65	3	3.11	False	0.37	{'est', 'source', 'mariage', 'incommensurable', 'nature', 'félicitations', 'beauté', 'divine'}	['félicitations', 'repas,']	18	La beauté divine de la nature est une source de joie incommensurable
La beauté divine de la nature est une source de joie incommensurable félicitations pour votre mariage dans ce lieu enchanteur. Les frites	0.5	1.8	0.7	3	3.1	False	0.42	{'est', 'source', 'mariage', 'incommensurable', 'enchanteur.', 'nature', 'lieu', 'félicitations', 'frites', 'divine', 'beauté'}	['résister', 'frites']	22	La beauté divine de la nature est une source de joie incommensurable félicitations pour votre mariage dans ce
La beauté divine de la nature est une source de joie incommensurable félicitations pour votre mariage dans ce lieu magique. Les frites	0.45	2.0	0.67	3	3.55	False	0.36	{'est', 'source', 'mariage', 'incommensurable', 'nature', 'lieu', 'félicitations', 'frites', 'divine', 'beauté'}	['résister', 'frites']	22	La beauté divine de la nature est une source de joie incommensurable félicitations pour votre mariage dans ce
La beauté divine de la nature est une source de joie incommensurable félicitations pour cette magnifique observation de monuments	0.47	2.0	0.67	4	4.0	False	0.35	{'est', 'source', 'observation', 'incommensurable', 'monuments', 'nature', 'félicitations', 'divine', 'beauté'}	['monuments', 'banane']	19	La beauté divine de la nature est une source de joie incommensurable félicitations pour cette magnifique observation de
La beauté divine de la nature est une source de joie incommensurable félicitations pour cette magnifique observation de monuments célèbres dans cet environnement	0.48	2.0	0.67	4	3.9	False	0.36	{'célèbres', 'est', 'source', 'observation', 'incommensurable', 'monuments', 'nature', 'félicitations', 'environnement', 'beauté', 'divine'}	['célèbre', 'tropical']	23	La beauté divine de la nature est une source de joie incommensurable félicitations pour cette magnifique observation de monuments
La beauté divine de la nature est une source de joie incommensurable félicitations pour cette magnifique observation de ces monuments uniques.	0.48	2.0	0.67	4	3.89	False	0.36	{'est', 'source', 'observation', 'incommensurable', 'monuments', 'nature', 'félicitations', 'beauté', 'uniques.', 'divine'}	['satisfait', 'unique']	21	La beauté divine de la nature est une source de joie incommensurable félicitations pour cette magnifique observation de ces monuments
La beauté divine de la nature est une source de joie incommensurable félicitations pour cette magnifique observation de ces monuments uniques. Je suis satisfait de partager	0.46	2.0	0.67	4	3.73	False	0.35	{'est', 'source', 'partager', 'observation', 'incommensurable', 'satisfait', 'monuments', 'nature', 'félicitations', 'beauté', 'uniques.', 'divine'}	['satisfait', 'unique']	26	La beauté divine de la nature est une source de joie incommensurable félicitations pour cette magnifique observation de ces monuments
La beauté divine de la nature est une source de joie incommensurable félicitations pour cette magnifique observation de monuments célèbres dans cet environnement composée.	0.5	1.9	0.68	4	3.9	False	0.37	{'célèbres', 'est', 'source', 'observation', 'incommensurable', 'monuments', 'nature', 'félicitations', 'environnement', 'divine', 'beauté', 'composée.'}	['composée', 'village']	24	La beauté divine de la nature est une source de joie incommensurable félicitations pour cette magnifique observation de monuments célèbres dans cet environnement
La beauté divine de la nature est une source de joie incommensurable félicitations pour cette magnifique observation de monuments célèbres dans cet environnement composée de rivières	0.5	1.9	0.68	4	3.9	False	0.37	{'célèbres', 'est', 'composée', 'source', 'observation', 'incommensurable', 'monuments', 'nature', 'félicitations', 'environnement', 'divine', 'beauté', 'rivières'}	['composée', 'village']	26	La beauté divine de la nature est une source de joie incommensurable félicitations pour cette magnifique observation de monuments célèbres dans cet environnement
La beauté divine de la nature est une source de joie incommensurable félicitations pour cette magnifique observation de monuments célèbres dans cet environnement composée de verdure	0.5	1.9	0.68	4	3.9	False	0.37	{'célèbres', 'est', 'composée', 'source', 'observation', 'incommensurable', 'verdure', 'monuments', 'nature', 'félicitations', 'environnement', 'divine', 'beauté'}	['composée', 'village']	26	La beauté divine de la nature est une source de joie incommensurable félicitations pour cette magnifique observation de monuments célèbres dans cet environnement
La beauté divine de la nature est une source de joie incommensurable félicitations pour cette magnifique observation de ces monuments uniques. Les précipitations abondantes ont	0.48	1.9	0.68	4	3.73	False	0.37	{'est', 'précipitations', 'source', 'observation', 'incommensurable', 'abondantes', 'monuments', 'nature', 'félicitations', 'divine', 'uniques.', 'beauté'}	['banane', 'précipitations']	25	La beauté divine de la nature est une source de joie incommensurable félicitations pour cette magnifique observation de ces monuments uniques.
Quatre saisons ont construite leur beauté noble et élégante, mais	0.6	1.8	0.7	2	3.25	False	0.48	{'élégante,', 'saisons', 'construite', 'Quatre', 'beauté', 'noble'}	['noble', 'dessert']	10	Quatre saisons ont construite leur
Quatre saisons ont construite leur beauté noble dans la	0.56	2.0	0.67	3	3.25	False	0.44	{'saisons', 'construite', 'Quatre', 'beauté', 'noble'}	['noble', 'dessert']	9	Quatre saisons ont construite leur
Quatre saisons ont construite leur beauté noble et élégante, mais le théâtre reste un lieu où	0.56	1.9	0.68	3	2.71	False	0.47	{'élégante,', 'théâtre', 'saisons', 'construite', 'lieu', 'Quatre', 'reste', 'beauté', 'noble'}	['qualité', 'théâtre']	16	Quatre saisons ont construite leur beauté noble et élégante, mais
Quatre saisons ont construite leur beauté noble et élégante, mais le théâtre de la nature reste	0.56	1.9	0.68	3	2.71	False	0.47	{'élégante,', 'théâtre', 'saisons', 'construite', 'nature', 'Quatre', 'reste', 'beauté', 'noble'}	['qualité', 'théâtre']	16	Quatre saisons ont construite leur beauté noble et élégante, mais
Quatre saisons ont construite leur beauté noble et élégante, mais le théâtre est un moyen unique de	0.53	2.0	0.67	3	3.0	False	0.43	{'élégante,', 'théâtre', 'est', 'saisons', 'construite', 'unique', 'Quatre', 'beauté', 'noble'}	['qualité', 'théâtre']	17	Quatre saisons ont construite leur beauté noble et élégante, mais
Quatre saisons ont construite leur beauté noble et élégante, mais seule la qualité des acteurs sur	0.5	2.1	0.65	4	3.25	False	0.4	{'élégante,', 'acteurs', 'saisons', 'construite', 'qualité', 'Quatre', 'beauté', 'noble'}	['qualité', 'théâtre']	16	Quatre saisons ont construite leur beauté noble et élégante, mais
Quatre saisons ont construite leur beauté noble et élégante, mais le théâtre de la nature reste imprenable. Les montagnes	0.58	1.7	0.72	3	2.75	False	0.49	{'élégante,', 'montagnes', 'théâtre', 'saisons', 'construite', 'nature', 'beauté', 'Quatre', 'reste', 'imprenable.', 'noble'}	['symbole', 'imprenable']	19	Quatre saisons ont construite leur beauté noble et élégante, mais le théâtre de la nature reste
Quatre saisons ont construite leur beauté noble et élégante, mais le théâtre de la nature reste imprenable. Les montagnes	0.58	1.7	0.72	3	2.75	False	0.49	{'élégante,', 'montagnes', 'théâtre', 'saisons', 'construite', 'nature', 'beauté', 'Quatre', 'reste', 'imprenable.', 'noble'}	['symbole', 'imprenable']	19	Quatre saisons ont construite leur beauté noble et élégante, mais le théâtre de la nature reste
Quatre saisons ont construite leur beauté noble et élégante, mais le théâtre reste un lieu où l'émotion est toujours palpable.	0.6	1.7	0.72	3	3.38	False	0.48	{'élégante,', 'théâtre', 'est', 'saisons', 'construite', 'palpable.', "l'émotion", 'lieu', 'Quatre', 'reste', 'beauté', 'noble'}	['construite', 'repas,']	20	Quatre saisons ont construite leur beauté noble et élégante, mais le théâtre reste un lieu où
Quatre saisons ont construite leur beauté noble et élégante, mais le théâtre de la nature reste imprenable pour	0.56	1.9	0.68	3	2.88	False	0.47	{'élégante,', 'théâtre', 'saisons', 'construite', 'imprenable', 'nature', 'Quatre', 'reste', 'beauté', 'noble'}	['symbole', 'imprenable']	18	Quatre saisons ont construite leur beauté noble et élégante, mais le théâtre de la nature reste
Quatre saisons ont construite leur beauté noble et élégante, mais le théâtre reste un lieu où l'émotion est toujours palpable. Le vin délicieux coule à	0.56	1.8	0.7	3	3.18	False	0.46	{'élégante,', 'théâtre', 'est', 'saisons', 'construite', 'palpable.', 'délicieux', "l'émotion", 'vin', 'lieu', 'Quatre', 'reste', 'beauté', 'noble'}	['vin', 'noble']	25	Quatre saisons ont construite leur beauté noble et élégante, mais le théâtre reste un lieu où l'émotion est toujours palpable.
Quatre saisons ont construite leur beauté noble et élégante, mais le théâtre reste un lieu où l'émotion est toujours palpable. Le vin qu'on partage avant la	0.54	1.8	0.7	3	3.42	False	0.43	{'élégante,', 'théâtre', 'est', 'saisons', 'construite', 'palpable.', "l'émotion", 'vin', 'lieu', 'beauté', 'partage', 'reste', 'Quatre', 'noble'}	['vin', 'noble']	26	Quatre saisons ont construite leur beauté noble et élégante, mais le théâtre reste un lieu où l'émotion est toujours palpable.
Quatre saisons ont construite leur beauté noble et élégante, mais le théâtre reste un lieu où l'émotion est toujours palpable. Le théâtre, tel un bon	0.52	1.9	0.68	4	3.18	False	0.43	{'élégante,', 'théâtre', 'théâtre,', 'est', 'saisons', 'construite', 'palpable.', "l'émotion", 'lieu', 'Quatre', 'reste', 'beauté', 'noble'}	['vin', 'noble']	25	Quatre saisons ont construite leur beauté noble et élégante, mais le théâtre reste un lieu où l'émotion est toujours palpable.
Quatre saisons ont construite leur beauté noble et élégante, mais le théâtre reste un lieu où l'émotion est toujours palpable. Les acteurs y déploient leur talent	0.54	1.8	0.7	4	3.64	False	0.42	{'élégante,', 'acteurs', 'théâtre', 'est', 'saisons', 'construite', 'palpable.', 'talent', "l'émotion", 'lieu', 'Quatre', 'reste', 'beauté', 'noble'}	['vin', 'noble']	26	Quatre saisons ont construite leur beauté noble et élégante, mais le théâtre reste un lieu où l'émotion est toujours palpable.
Quatre saisons ont construite leur beauté noble et élégante, mais le théâtre reste un lieu où l'émotion est toujours palpable. Le théâtre, tel un bon repas, est caractérisé par	0.52	1.8	0.7	4	3.17	False	0.43	{'élégante,', 'repas,', 'saisons', 'palpable.', 'caractérisé', "l'émotion", 'lieu', 'Quatre', 'reste', 'noble', 'théâtre', 'est', 'théâtre,', 'construite', 'beauté'}	['panoramique', 'caractérisé']	29	Quatre saisons ont construite leur beauté noble et élégante, mais le théâtre reste un lieu où l'émotion est toujours palpable. Le théâtre, tel un bon
Quatre saisons ont construite leur beauté noble et élégante, mais le théâtre reste un lieu où l'émotion est toujours palpable. Le vin délicieux coule à flot, les rires	0.54	1.9	0.68	3	3.31	False	0.42	{'élégante,', 'théâtre', 'est', 'saisons', 'flot,', 'construite', 'palpable.', 'délicieux', "l'émotion", 'vin', 'lieu', 'Quatre', 'reste', 'beauté', 'noble'}	['beauté', 'tiramisu']	28	Quatre saisons ont construite leur beauté noble et élégante, mais le théâtre reste un lieu où l'émotion est toujours palpable. Le vin délicieux coule à
Quatre saisons ont construite leur beauté noble et élégante, mais le théâtre reste un lieu où l'émotion est toujours palpable. Le vin délicieux coule à flot, les conversations fusent et le	0.52	1.9	0.68	4	3.38	False	0.41	{'élégante,', 'saisons', 'flot,', 'conversations', 'palpable.', 'délicieux', "l'émotion", 'lieu', 'Quatre', 'reste', 'noble', 'théâtre', 'est', 'construite', 'vin', 'beauté'}	['beauté', 'tiramisu']	31	Quatre saisons ont construite leur beauté noble et élégante, mais le théâtre reste un lieu où l'émotion est toujours palpable. Le vin délicieux coule à
En 1904 la présence d'un zèbre au décor du cirque a	0.4	1.8	0.7	2	2.17	False	0.41	{'décor', 'présence', 'zèbre', 'cirque'}	['entier', 'décor']	11	En 1904 la présence d'un zèbre au
En 1904 la présence d'un zèbre au décor du cirque a	0.4	1.8	0.7	2	2.17	False	0.41	{'décor', 'présence', 'zèbre', 'cirque'}	['entier', 'décor']	11	En 1904 la présence d'un zèbre au
En 1904 la présence d'un zèbre au décor du cirque a	0.4	1.8	0.7	2	2.17	False	0.41	{'décor', 'présence', 'zèbre', 'cirque'}	['entier', 'décor']	11	En 1904 la présence d'un zèbre au
En 1904 la présence d'un zèbre au décor du cirque a	0.4	1.8	0.7	2	2.17	False	0.41	{'décor', 'présence', 'zèbre', 'cirque'}	['entier', 'décor']	11	En 1904 la présence d'un zèbre au
En 1904 la présence d'un zèbre au décor du cirque a ajouté une touche de réalité	0.4	2.0	0.67	4	2.67	False	0.38	{'décor', 'réalité', 'touche', 'présence', 'zèbre', 'cirque'}	['délicieux', 'réalité']	16	En 1904 la présence d'un zèbre au décor du cirque a
En 1904 la présence d'un zèbre au décor du cirque a ajouté une touche de réalité	0.4	2.0	0.67	4	2.67	False	0.38	{'décor', 'réalité', 'touche', 'présence', 'zèbre', 'cirque'}	['délicieux', 'réalité']	16	En 1904 la présence d'un zèbre au décor du cirque a
En 1904 la présence d'un zèbre au décor du cirque a ajouté une touche de qualité	0.4	2.0	0.67	4	2.67	False	0.38	{'qualité', 'décor', 'touche', 'présence', 'zèbre', 'cirque'}	['qualité', 'supermarché']	16	En 1904 la présence d'un zèbre au décor du cirque a
En 1904 la présence d'un zèbre au décor du cirque a ajouté une touche de qualité au	0.38	2.1	0.65	4	2.67	False	0.35	{'qualité', 'décor', 'touche', 'présence', 'zèbre', 'cirque'}	['qualité', 'supermarché']	17	En 1904 la présence d'un zèbre au décor du cirque a
En 1904 la présence d'un zèbre au décor du cirque a ajouté une touche de qualité et d'illusion à la	0.37	2.2	0.63	4	2.45	False	0.35	{'qualité', "d'illusion", 'décor', 'touche', 'présence', 'zèbre', 'cirque'}	['joie', 'illusion']	20	En 1904 la présence d'un zèbre au décor du cirque a ajouté une touche de qualité
En 1904 la présence d'un zèbre au décor du cirque a ajouté une touche de qualité au spectacle, créant l'illusion	0.42	2.0	0.67	4	3.4	False	0.35	{"l'illusion", 'touche', 'zèbre', 'cirque', 'qualité', 'créant', 'décor', 'présence'}	['illusion', 'imprenable']	20	En 1904 la présence d'un zèbre au décor du cirque a ajouté une touche de qualité au
En 1904 la présence d'un zèbre au décor du cirque a ajouté une touche de qualité au spectacle, créant l'illusion	0.42	2.0	0.67	4	3.4	False	0.35	{"l'illusion", 'touche', 'zèbre', 'cirque', 'qualité', 'créant', 'décor', 'présence'}	['illusion', 'imprenable']	20	En 1904 la présence d'un zèbre au décor du cirque a ajouté une touche de qualité au
En 1904 la présence d'un zèbre au décor du cirque a ajouté une touche de qualité et d'illusion à la représentation. L'électricité	0.43	2.1	0.65	4	2.45	False	0.4	{"L'électricité", 'représentation.', 'touche', 'zèbre', 'cirque', 'qualité', "d'illusion", 'décor', 'présence'}	['électricité', 'abondante']	22	En 1904 la présence d'un zèbre au décor du cirque a ajouté une touche de qualité et d'illusion à la
En 1904 la présence d'un zèbre au décor du cirque a ajouté une touche de qualité et d'illusion à la représentation. L'électricité	0.43	2.1	0.65	4	2.45	False	0.4	{"L'électricité", 'représentation.', 'touche', 'zèbre', 'cirque', 'qualité', "d'illusion", 'décor', 'présence'}	['électricité', 'abondante']	22	En 1904 la présence d'un zèbre au décor du cirque a ajouté une touche de qualité et d'illusion à la
En 1904 la présence d'un zèbre au décor du cirque a ajouté une touche de réalité au théâtre.  Cela a donné une expérience unique aux spectateurs	0.4	2.1	0.65	4	3.0	False	0.35	{'décor', 'spectateurs', 'expérience', 'touche', 'zèbre', 'cirque', 'unique', 'réalité', 'théâtre.', 'présence'}	['restaurant', 'expérience']	27	En 1904 la présence d'un zèbre au décor du cirque a ajouté une touche de réalité au théâtre.  Cela a
En 1904 la présence d'un zèbre au décor du cirque a ajouté une touche de qualité et d'illusion à la représentation. L'électricité abondante a illuminé la	0.44	2.1	0.65	4	2.45	False	0.4	{"L'électricité", 'représentation.', 'touche', 'zèbre', 'cirque', 'qualité', 'illuminé', "d'illusion", 'abondante', 'décor', 'présence'}	['résister', 'abondante']	26	En 1904 la présence d'un zèbre au décor du cirque a ajouté une touche de qualité et d'illusion à la représentation. L'électricité
En 1904 la présence d'un zèbre au décor du cirque a ajouté une touche de qualité et d'illusion à la représentation. L'électricité abondante, était utilisée pour	0.44	2.1	0.65	4	2.77	False	0.38	{"L'électricité", 'représentation.', 'touche', 'abondante,', 'zèbre', 'cirque', 'qualité', "d'illusion", 'décor', 'utilisée', 'présence'}	['résister', 'abondante']	26	En 1904 la présence d'un zèbre au décor du cirque a ajouté une touche de qualité et d'illusion à la représentation. L'électricité
En 1904 la présence d'un zèbre au décor du cirque a ajouté une touche de réalité au théâtre.  Cela a donné une expérience unique aux spectateurs en créant une harmonie entre la nature	0.41	2.1	0.65	4	3.07	False	0.35	{'réalité', 'spectateurs', 'expérience', 'touche', 'zèbre', 'cirque', 'nature', 'harmonie', 'créant', 'unique', 'décor', 'théâtre.', 'présence'}	['kilogramme', 'harmonie']	34	En 1904 la présence d'un zèbre au décor du cirque a ajouté une touche de réalité au théâtre.  Cela a donné une expérience unique aux spectateurs
Un climat chaud est idéal pour admirer la beauté de la	0.45	2.0	0.67	3	3.0	False	0.39	{'est', 'idéal', 'climat', 'admirer', 'beauté'}	['admirer', 'naturel']	11	Un climat chaud est idéal pour
Un climat chaud est idéal pour admirer la beauté de la	0.45	2.0	0.67	3	3.0	False	0.39	{'est', 'idéal', 'climat', 'admirer', 'beauté'}	['admirer', 'naturel']	11	Un climat chaud est idéal pour
Un climat chaud est idéal pour admirer la diversité des espèces animales	0.58	1.6	0.73	2	3.2	False	0.48	{'diversité', 'est', 'idéal', 'climat', 'animales', 'admirer', 'espèces'}	['espèce', 'mélodie']	12	Un climat chaud est idéal pour admirer la
Un climat chaud est idéal pour admirer la nature	0.56	1.6	0.73	2	3.25	False	0.47	{'est', 'idéal', 'climat', 'admirer', 'nature'}	['admirer', 'restaurant']	9	Un climat chaud est idéal pour admirer la
Un climat chaud est idéal pour admirer la beauté des espèces de plantes	0.54	1.7	0.72	2	3.0	False	0.46	{'est', 'idéal', 'climat', 'plantes', 'admirer', 'espèces', 'beauté'}	['espèce', 'mélodie']	13	Un climat chaud est idéal pour admirer la
Un climat chaud est idéal pour admirer la nature luxuriante dans un jardin	0.54	1.7	0.72	3	3.17	False	0.45	{'jardin', 'est', 'idéal', 'luxuriante', 'climat', 'admirer', 'nature'}	['admirer', 'restaurant']	13	Un climat chaud est idéal pour admirer la
Un climat chaud est idéal pour admirer la nature luxuriante dans un jardin botanique, où l'électricité	0.56	1.7	0.72	3	3.0	False	0.47	{'est', 'idéal', 'luxuriante', 'climat', "l'électricité", 'nature', 'jardin', 'botanique,', 'admirer'}	['électricité', 'harmonie']	16	Un climat chaud est idéal pour admirer la nature luxuriante dans un jardin
Un climat chaud est idéal pour admirer la nature luxuriante dans un jardin en harmonie avec l'environnement	0.53	1.8	0.7	3	3.12	False	0.44	{"l'environnement", 'est', 'idéal', 'luxuriante', 'climat', 'nature', 'jardin', 'harmonie', 'admirer'}	['électricité', 'harmonie']	17	Un climat chaud est idéal pour admirer la nature luxuriante dans un jardin
Un climat chaud est idéal pour admirer la nature dans ce village	0.5	1.8	0.7	3	3.17	False	0.42	{'village', 'est', 'idéal', 'climat', 'admirer', 'nature'}	['village', 'unique']	12	Un climat chaud est idéal pour admirer la nature
Un climat chaud est idéal pour admirer la nature dans ce village	0.5	1.8	0.7	3	3.17	False	0.42	{'village', 'est', 'idéal', 'climat', 'admirer', 'nature'}	['village', 'unique']	12	Un climat chaud est idéal pour admirer la nature
Un climat chaud est idéal pour admirer la nature luxuriante dans un jardin botanique, où l'électricité alimente un train panoramique	0.55	1.7	0.72	3	3.62	False	0.44	{'train', 'est', 'idéal', 'luxuriante', 'climat', "l'électricité", 'nature', 'jardin', 'botanique,', 'admirer', 'panoramique'}	['panoramique', 'monuments']	20	Un climat chaud est idéal pour admirer la nature luxuriante dans un jardin botanique, où l'électricité
Un climat chaud est idéal pour admirer la nature luxuriante dans un jardin en harmonie avec l'environnement La végétation luxuriante	0.5	1.6	0.73	3	3.0	False	0.44	{'végétation', "l'environnement", 'est', 'idéal', 'luxuriante', 'climat', 'nature', 'jardin', 'harmonie', 'admirer'}	['mélodie', 'végétation']	20	Un climat chaud est idéal pour admirer la nature luxuriante dans un jardin en harmonie avec l'environnement
Un climat chaud est idéal pour admirer la nature luxuriante dans un jardin en harmonie avec l'environnement , la végétation luxuriante	0.5	1.7	0.72	3	3.12	False	0.43	{'végétation', "l'environnement", 'est', 'idéal', 'luxuriante', 'climat', 'nature', 'jardin', 'harmonie', 'admirer'}	['mélodie', 'végétation']	21	Un climat chaud est idéal pour admirer la nature luxuriante dans un jardin en harmonie avec l'environnement
Un climat chaud est idéal pour admirer la nature luxuriante dans un jardin en harmonie avec l'environnement , où la végétation	0.5	1.9	0.68	3	3.0	False	0.42	{'végétation', "l'environnement", 'est', 'idéal', 'luxuriante', 'climat', 'nature', 'jardin', 'harmonie', 'admirer'}	['mélodie', 'végétation']	21	Un climat chaud est idéal pour admirer la nature luxuriante dans un jardin en harmonie avec l'environnement
Un climat chaud est idéal pour admirer la nature luxuriante dans un jardin en harmonie avec l'environnement , la végétation luxuriante apporte une joie immense aux	0.44	2.0	0.67	4	3.5	False	0.35	{'végétation', "l'environnement", 'est', 'idéal', 'luxuriante', 'climat', 'nature', 'jardin', 'harmonie', 'admirer', 'immense'}	['joie', 'île']	26	Un climat chaud est idéal pour admirer la nature luxuriante dans un jardin en harmonie avec l'environnement , la végétation luxuriante
Depuis l'importance de l'éducation est divine pour le développement d'une société	0.55	1.7	0.72	3	3.8	False	0.42	{"l'éducation", 'développement', 'est', 'divine', 'société', "l'importance"}	['divine', 'tropicale']	11	Depuis l'importance de l'éducation est
Depuis l'importance de l'éducation est divine pour le développement de la	0.45	2.0	0.67	3	3.2	False	0.38	{"l'éducation", 'développement', 'est', 'divine', "l'importance"}	['divine', 'tropicale']	11	Depuis l'importance de l'éducation est
Depuis l'importance de l'éducation est devenue une priorité divine dans notre société	0.5	1.8	0.7	3	4.5	False	0.35	{"l'éducation", 'est', 'priorité', 'divine', 'société', "l'importance"}	['divine', 'tropicale']	12	Depuis l'importance de l'éducation est
Depuis l'importance de l'éducation est devenue une priorité divine dans notre société la créativité artistique	0.53	1.8	0.7	3	4.14	False	0.39	{'artistique', 'créativité', 'est', 'priorité', "l'éducation", 'divine', 'société', "l'importance"}	['artistique', 'région']	15	Depuis l'importance de l'éducation est devenue une priorité divine dans notre société
Depuis l'importance de l'éducation est devenue une priorité divine dans notre société la créativité artistique est	0.5	1.7	0.72	3	4.14	False	0.38	{'artistique', 'créativité', 'est', 'priorité', "l'éducation", 'divine', 'société', "l'importance"}	['artistique', 'région']	16	Depuis l'importance de l'éducation est devenue une priorité divine dans notre société
Au restaurant, le serveur nous a recommandé une délicieuse comédie de	0.45	2.0	0.67	3	2.33	False	0.42	{'restaurant,', 'délicieuse', 'serveur', 'recommandé', 'comédie'}	['comédie', 'chocolat']	11	Au restaurant, le serveur nous a recommandé
Au restaurant, le serveur nous a recommandé une délicieuse comédie de théâtre à quelques mètres de	0.44	2.1	0.65	3	2.88	False	0.38	{'mètres', 'théâtre', 'restaurant,', 'délicieuse', 'serveur', 'recommandé', 'comédie'}	['touriste', 'mètres']	16	Au restaurant, le serveur nous a recommandé une délicieuse comédie de
Cette mélodie tropicale me transporte absolument au zoo de	0.56	1.6	0.73	2	2.75	False	0.49	{'transporte', 'mélodie', 'absolument', 'zoo', 'tropicale'}	['zoo', 'absolument']	9	Cette mélodie tropicale me transporte
Cette mélodie tropicale me transporte absolument vers un paradis	0.56	1.6	0.73	3	3.25	False	0.47	{'transporte', 'mélodie', 'absolument', 'paradis', 'tropicale'}	['zoo', 'absolument']	9	Cette mélodie tropicale me transporte
Cette mélodie tropicale me transporte absolument au zoo de la	0.5	1.8	0.7	3	2.6	False	0.45	{'transporte', 'mélodie', 'absolument', 'zoo', 'tropicale'}	['zoo', 'absolument']	10	Cette mélodie tropicale me transporte
Cette mélodie tropicale me transporte absolument au zoo de singes en	0.45	2.0	0.67	4	3.17	False	0.38	{'transporte', 'mélodie', 'absolument', 'zoo', 'tropicale'}	['zoo', 'absolument']	11	Cette mélodie tropicale me transporte
Cette mélodie tropicale me transporte absolument au zoo de Singapour, je recommande vivement	0.54	1.6	0.73	2	3.5	False	0.44	{'transporte', 'mélodie', 'zoo', 'absolument', 'Singapour,', 'recommande', 'tropicale'}	['absolument', 'recommander']	13	Cette mélodie tropicale me transporte absolument au zoo de
Cette mélodie tropicale me transporte absolument au zoo de Singapour, je recommande vivement	0.54	1.6	0.73	2	3.5	False	0.44	{'transporte', 'mélodie', 'zoo', 'absolument', 'Singapour,', 'recommande', 'tropicale'}	['absolument', 'recommander']	13	Cette mélodie tropicale me transporte absolument au zoo de
Cette mélodie tropicale me transporte absolument au zoo de Singapour. Je recommande vivement	0.54	1.7	0.72	2	3.5	False	0.43	{'Singapour.', 'transporte', 'mélodie', 'zoo', 'absolument', 'recommande', 'tropicale'}	['absolument', 'recommander']	13	Cette mélodie tropicale me transporte absolument au zoo de
Cette mélodie tropicale me transporte absolument au zoo de Singapour. Je recommande vivement	0.54	1.7	0.72	2	3.5	False	0.43	{'Singapour.', 'transporte', 'mélodie', 'zoo', 'absolument', 'recommande', 'tropicale'}	['absolument', 'recommander']	13	Cette mélodie tropicale me transporte absolument au zoo de
