Un climat unique est caractérisé par des précipitations abondantes et variées tout au	0.77	1.2	2	0.78
Un climat tropical est caractérisé par des températures élevées et des précipitations	0.67	1.2	3	0.72
Un climat méditerranéen se caractérise par des précipitations et un temps	0.64	1.4	3	0.69
Un climat unique est caractérisé par des précipitations abondantes et variées tout au long de l'année, ce qui rend la culture des légumes tels que les	0.58	1.6	5	0.64
Un climat tropical est caractérisé par des températures élevées et des précipitations abondantes. La végétation qui y est construite est souvent luxuriante	0.55	1.3	3	0.64
Un climat unique est caractérisé par des précipitations abondantes et variées tout au long de l'année, ce qui rend la région idéale pour cultiver une grande	0.58	1.7	5	0.63
Un climat unique est caractérisé par des précipitations abondantes et variées tout au long de l'année, ce qui rend la région idéale pour cultiver une grande variété de cultures. De plus, les symboles traditionnels de cette région sont	0.55	1.6	5	0.62
Un climat unique est caractérisé par des précipitations abondantes et variées tout au long de l'année, ce qui rend la région idéale pour cultiver une grande diversité de cultures. Cela se reflète dans les symboles de la région,	0.55	1.7	5	0.62
Un climat unique est caractérisé par des précipitations abondantes et variées tout au long de l'année, ce qui rend la région idéale pour cultiver une grande variété de fruits et légumes. Les symboles de cette diversité agricole	0.57	1.8	5	0.62
De plus , le restaurant propose également des options végétariennes abondantes pour	0.64	1.4	2	0.69
De plus , le restaurant propose des options végétariennes abondantes pour ceux qui suivent	0.54	1.7	4	0.61
De plus , le restaurant propose également des options végétariennes abondantes pour satisfaire tous les palais gourmands. Les précipitations annuelles	0.63	1.5	3	0.68
De plus , le restaurant propose également des options végétariennes abondantes pour tous les goûts, ainsi que des plats traditionnels incontournables et une	0.5	1.8	4	0.58
De plus , le restaurant propose également des options végétariennes abondantes pour tous les goûts, ainsi que des plats traditionnels incontournables et une cave à vin bien fournie pour accompagner votre repas.  Les températures	0.52	1.7	4	0.6
De plus , le restaurant propose également des options végétariennes abondantes pour tous les goûts, ainsi que des plats traditionnels incontournables et une carte des vins bien fournie pour accompagner votre repas.  Les températures	0.52	1.6	4	0.6
De plus , le restaurant propose également des options végétariennes abondantes pour tous les goûts, ainsi que des plats traditionnels incontournables et une sélection de vins locaux pour accompagner votre repas.  Les températures sont	0.52	1.7	4	0.6
De plus , le restaurant propose également des options végétariennes abondantes pour tous les goûts, ainsi que des plats traditionnels incontournables et une carte des vins bien fournie pour accompagner votre repas.  Les températures chaudes, l'ambiance animée et la délicieuse cuisine font du restaurant	0.51	1.6	4	0.6
De plus , le restaurant propose également des options végétariennes abondantes pour tous les goûts, ainsi que des plats traditionnels incontournables et une carte des vins bien fournie pour accompagner votre repas.  Les températures douces et le cadre pittoresque font du restaurant Gustave un endroit idéal	0.49	1.7	4	0.58
De plus , le restaurant propose également des options végétariennes abondantes pour tous les goûts, ainsi que des plats traditionnels incontournables et une cave à vin bien fournie pour accompagner votre repas.  Les températures varient selon les différentes régions de la France, allant des climats	0.48	1.7	4	0.57
De plus , le restaurant propose également des options végétariennes abondantes pour tous les goûts, ainsi que des plats traditionnels incontournables et une carte des vins bien fournie pour accompagner votre repas.  Les températures douces et le cadre pittoresque font du restaurant Gustave un endroit idéal pour une soirée romantique ou un repas en famille. Les saveurs tropicales	0.49	1.7	4	0.58
De plus , le restaurant propose également des options végétariennes abondantes pour tous les goûts, ainsi que des plats traditionnels incontournables et une carte des vins bien fournie pour accompagner votre repas.  Les températures chaudes, l'ambiance animée et la délicieuse cuisine font du restaurant un endroit idéal pour savourer une salade délicieuse après une	0.47	1.7	4	0.57
De plus , le restaurant propose également des options végétariennes abondantes pour tous les goûts, ainsi que des plats traditionnels incontournables et une carte des vins bien fournie pour accompagner votre repas.  Les températures chaudes, l'ambiance animée et la délicieuse cuisine font du restaurant le lieu idéal pour déguster une salade fraîche et savoureuse.	0.47	1.8	4	0.56
De plus , le restaurant propose également des options végétariennes abondantes pour tous les goûts, ainsi que des plats traditionnels incontournables et une carte des vins bien fournie pour accompagner votre repas.  Les températures douces et le cadre pittoresque font du restaurant Gustave un endroit idéal pour une soirée romantique ou un repas en famille. Les saveurs tropicales et les influences françaises se combinent pour créer une expérience culinaire unique et	0.47	1.7	4	0.57
De plus , le restaurant propose également des options végétariennes abondantes pour tous les goûts, ainsi que des plats traditionnels incontournables et une carte des vins bien fournie pour accompagner votre repas.  Les températures douces et le cadre pittoresque font du restaurant Gustave un endroit idéal pour une soirée romantique ou un repas en famille. Les saveurs tropicales uniques de notre cuisine sont composées de produits frais et locaux pour une expérience culinaire	0.47	1.7	4	0.57
De plus , le restaurant propose également des options végétariennes abondantes pour tous les goûts, ainsi que des plats traditionnels incontournables et une carte des vins bien fournie pour accompagner votre repas.  Les températures chaudes, l'ambiance animée et la délicieuse cuisine font du restaurant le lieu idéal pour déguster une salade fraîche et savoureuse. Avec son atmosphère chaleureuse et son service impeccable, vous êtes sûr de passer	0.47	1.8	4	0.56
Créée par un chef renommé, cette tarte au chocolat est divine pour le dessert. Les	0.6	1.6	4	0.65
Créée par un chef renommé, cette tarte au chocolat est divine pour le dessert. Les clients ont suggéré de l'accompagner avec des frites croustillantes	0.58	1.7	4	0.64
Créée par un chef renommé, cette tarte au chocolat est divine pour le dessert. Les frites suggérées en accompagnement ajoutent une touche croustillante et	0.54	1.8	4	0.6
Créée par un chef renommé, cette tarte au chocolat est divine pour le dessert. Les saveurs riches et sucrées du chocolat sont bien équilibrées par une	0.46	1.8	4	0.56
Créée par un chef renommé, cette tarte au chocolat est divine pour le dessert. Les clients ont suggéré de l'accompagner avec des frites croustillantes et une salade fraîche pour un repas complet. Le menu du restaurant offre différentes	0.53	1.8	4	0.6
Créée par un chef renommé, cette tarte au chocolat est divine pour le dessert. Les clients ont suggéré de l'accompagner avec des frites croustillantes et des légumes frais pour créer un équilibre parfait de différentes saveurs. Le	0.51	1.7	4	0.59
Créée par un chef renommé, cette tarte au chocolat est divine pour le dessert. Les saveurs riches et sucrées du chocolat sont bien équilibrées par une pâte croustillante et un soupçon de sel, créant une expérience culinaire	0.46	1.9	4	0.55
Créée par un chef renommé, cette tarte au chocolat est divine pour le dessert. Les clients ont suggéré de l'accompagner avec des frites croustillantes et des légumes frais pour créer un équilibre parfait de différentes saveurs. Le restaurant est réputé pour ses plats emblématiques qui reflètent à	0.51	1.6	4	0.6
Créée par un chef renommé, cette tarte au chocolat est divine pour le dessert. Les clients ont suggéré de l'accompagner avec des frites croustillantes et une salade fraîche pour un repas complet. Le menu du restaurant offre différentes options pour satisfaire tous les goûts, et les portions sont	0.5	1.7	4	0.59
Créée par un chef renommé, cette tarte au chocolat est divine pour le dessert. Les clients ont suggéré de l'accompagner avec des frites croustillantes et une salade fraîche pour un repas complet. Le menu du restaurant offre différentes options de desserts en mesure de satisfaire tous les palais. Le gâteau	0.52	1.8	4	0.59
Créée par un chef renommé, cette tarte au chocolat est divine pour le dessert. Les clients ont suggéré de l'accompagner avec des frites croustillantes et une salade fraîche pour un repas complet. Le menu du restaurant offre différentes options pour satisfaire tous les goûts, et les portions sont généreuses pour les espèces que vous	0.48	1.7	4	0.58
Créée par un chef renommé, cette tarte au chocolat est divine pour le dessert. Les clients ont suggéré de l'accompagner avec des frites croustillantes et une salade fraîche pour un repas complet. Le menu du restaurant offre différentes options pour satisfaire tous les goûts, et les portions sont généreuses. De plus, le paiement en espèces est accepté pour une	0.49	1.7	4	0.58
Créée par un chef renommé, cette tarte au chocolat est divine pour le dessert. Les clients ont suggéré de l'accompagner avec des frites croustillantes et une salade fraîche pour un repas complet. Le menu du restaurant offre différentes options de desserts en mesure de satisfaire tous les palais. Le gâteau au fromage est également une spécialité divine à ne pas manquer. En somme,	0.48	1.8	4	0.57
Créée par un chef renommé, cette tarte au chocolat est divine pour le dessert. Les clients ont suggéré de l'accompagner avec des frites croustillantes et une salade fraîche pour un repas complet. Le menu du restaurant offre différentes options pour satisfaire tous les goûts, et les portions sont généreuses. De plus, le paiement en espèces est accepté pour une expérience sans tracas. La tour Eiffel, symbole emblématique de	0.49	1.7	4	0.58
Créée par un chef renommé, cette tarte au chocolat est divine pour le dessert. Les clients ont suggéré de l'accompagner avec des frites croustillantes et une salade fraîche pour un repas complet. Le menu du restaurant offre différentes options pour satisfaire tous les goûts, et les portions sont généreuses. De plus, le paiement en espèces est accepté pour une expérience sans tracas. La tour Eiffel est l'une des principales attractions de Paris,	0.49	1.7	4	0.58
Créée par un chef renommé, cette tarte au chocolat est divine pour le dessert. Les clients ont suggéré de l'accompagner avec des frites croustillantes et une salade fraîche pour un repas complet. Le menu du restaurant offre différentes options de desserts en mesure de satisfaire tous les palais. Le gâteau au fromage est également une spécialité divine à ne pas manquer. En somme, ce repas est un festin pour les gourmands et les amateurs de	0.43	1.8	4	0.54
Une précaution est nécessaire lors de la visite de cette ville, car elle est construite avec des	0.41	2.0	4	0.51
Une précaution est nécessaire pour visiter l'une des pyramides les plus célèbres du monde: il est interdit d'y manger des steaks en mesure de respecter	0.56	1.5	4	0.64
Une précaution est nécessaire pour visiter l'une des pyramides les plus célèbres du monde : la Grande Pyramide de Gizeh. Elle doit être visitée en	0.54	1.5	4	0.62
Une précaution est nécessaire lors de la visite de cette ville, car elle est construite avec des bâtiments modernes qui ont préservé une grande partie de la végétation	0.39	2.2	4	0.49
Une précaution est nécessaire pour visiter l'une des pyramides les plus célèbres du monde : la Grande Pyramide de Gizeh. Elle doit être visitée en raison de son architecture divine et de ses abondantes histoires mystérieuses.  De	0.56	1.5	4	0.63
Une précaution est nécessaire pour visiter l'une des pyramides les plus célèbres du monde: il est interdit d'y manger des steaks en mesure de respecter la tradition. Le serveur peut vous recommander différentes spécialités locales à déguster après	0.53	1.6	4	0.61
Une précaution est nécessaire pour visiter l'une des pyramides les plus célèbres du monde: il est interdit d'y manger des steaks en mesure de respecter les traditions locales et de ne pas offenser le serveur. Le menu propose une variété	0.53	1.6	4	0.61
Une précaution est nécessaire pour visiter l'une des pyramides les plus célèbres du monde : la Grande Pyramide de Gizeh. Elle doit être visitée en raison de son architecture divine et de ses abondantes histoires mystérieuses.  De plus, la vallée du Nil est connue pour sa végétation	0.52	1.6	4	0.61
Une précaution est nécessaire pour visiter l'une des pyramides les plus célèbres du monde: il est interdit d'y manger des steaks en mesure de respecter les traditions locales et de ne pas offenser le serveur. Le menu propose une variété de plats qui raviront les touristes, avec des spécialités culinaires	0.5	1.6	4	0.59
Une précaution est nécessaire pour visiter l'une des pyramides les plus célèbres du monde : la Grande Pyramide de Gizeh. Elle doit être visitée en raison de son architecture divine et de ses abondantes histoires mystérieuses.  De plus, les alentours de la pyramide sont entourés d'une	0.49	1.7	4	0.58
Une précaution est nécessaire pour visiter l'une des pyramides les plus célèbres du monde : la Grande Pyramide de Gizeh. Elle doit être visitée en raison de son architecture divine et de ses abondantes histoires mystérieuses.  De plus, la vallée du Nil est connue pour sa végétation tropicale luxuriante qui rend cette région encore plus fascinante à explorer. La	0.53	1.5	4	0.62
Une précaution est nécessaire pour visiter l'une des pyramides les plus célèbres du monde : la Grande Pyramide de Gizeh. Elle doit être visitée en raison de son architecture divine et de ses abondantes histoires mystérieuses.  De plus, les alentours de la pyramide sont entourés d'une belle végétation, offrant une vue imprenable sur le désert	0.5	1.7	4	0.59
Une précaution est nécessaire pour visiter l'une des pyramides les plus célèbres du monde : la Grande Pyramide de Gizeh. Elle doit être visitée en raison de son architecture divine et de ses abondantes histoires mystérieuses.  De plus, la vallée du Nil est connue pour sa végétation tropicale luxuriante, faisant de cette région un endroit parfait pour se	0.49	1.7	4	0.58
Une précaution est nécessaire pour visiter l'une des pyramides les plus célèbres du monde : la Grande Pyramide de Gizeh. Elle doit être visitée en raison de son architecture divine et de ses abondantes histoires mystérieuses.  De plus, la vallée du Nil est connue pour sa végétation tropicale luxuriante qui rend cette région encore plus fascinante à explorer. La beauté de cet endroit est appréciée dans le monde	0.49	1.6	4	0.59
Une précaution est nécessaire pour visiter l'une des pyramides les plus célèbres du monde : la Grande Pyramide de Gizeh. Elle doit être visitée en raison de son architecture divine et de ses abondantes histoires mystérieuses.  De plus, la vallée du Nil est connue pour sa végétation tropicale luxuriante qui rend cette région encore plus fascinante à explorer. La majesté de cette région est entièrement appréciée lorsqu'on prend le temps	0.49	1.6	4	0.59
Une précaution est nécessaire pour visiter l'une des pyramides les plus célèbres du monde : la Grande Pyramide de Gizeh. Elle doit être visitée en raison de son architecture divine et de ses abondantes histoires mystérieuses.  De plus, la vallée du Nil est connue pour sa végétation tropicale luxuriante qui rend cette région encore plus fascinante à explorer. La richesse de son passé et la beauté de son présent en font une destination entière et	0.5	1.6	4	0.59
La France est célèbre pour sa cuisine délicieuse et son large éventail de	0.54	1.8	3	0.6
La France est célèbre pour sa cuisine délicieuse et son large éventail de plats savoureux, résultat d'une longue expérience culinaire construite au fil	0.52	1.9	3	0.59
La France est célèbre pour sa cuisine délicieuse et son large éventail de vins, mais son patrimoine culturel est également très riche et diversifié.	0.46	1.8	3	0.55
La France est célèbre pour sa cuisine délicieuse et son large éventail de plats savoureux, résultat d'une longue expérience culinaire construite au fil des siècles. En particulier, je recommande vivement d'essayer les desserts	0.55	1.8	3	0.61
La France est célèbre pour sa cuisine délicieuse et son large éventail de plats savoureux, résultat d'une longue expérience culinaire construite au fil des siècles. Parmi les plats les plus appréciés, je recommande	0.52	1.7	3	0.6
La France est célèbre pour sa cuisine délicieuse et son large éventail de plats savoureux, résultat d'une longue expérience culinaire construite au fil des siècles. Je recommande vivement d'essayer les desserts français, tels	0.52	1.9	3	0.58
La France est célèbre pour sa cuisine délicieuse et son large éventail de plats savoureux, résultat d'une longue expérience culinaire construite au fil des siècles. Parmi les plats les plus appréciés, je recommande vivement le boeuf bourguignon, un mets traditionnel français composé de	0.49	1.8	3	0.57
La France est célèbre pour sa cuisine délicieuse et son large éventail de plats savoureux, résultat d'une longue expérience culinaire construite au fil des siècles. Je recommande vivement d'essayer les desserts français, tels que les macarons, symboles de l'élégance et du	0.49	1.9	4	0.57
La France est célèbre pour sa cuisine délicieuse et son large éventail de plats savoureux, résultat d'une longue expérience culinaire construite au fil des siècles. Parmi les plats les plus appréciés, je recommande le coq au vin, un plat traditionnel français à base de poulet mijoté	0.48	1.9	4	0.56
La France est célèbre pour sa cuisine délicieuse et son large éventail de plats savoureux, résultat d'une longue expérience culinaire construite au fil des siècles. Parmi les plats les plus appréciés, je recommande vivement le boeuf bourguignon, un mets traditionnel français composé de viande tendre mijotée dans un riche mélange de vin rouge,	0.49	1.9	4	0.57
La France est célèbre pour sa cuisine délicieuse et son large éventail de plats savoureux, résultat d'une longue expérience culinaire construite au fil des siècles. Je recommande vivement d'essayer les desserts français, tels que les macarons, symboles de l'élégance et du raffinement à la mesure du panorama gastronomique français. En plus de leur goût	0.48	1.9	4	0.56
La France est célèbre pour sa cuisine délicieuse et son large éventail de plats savoureux, résultat d'une longue expérience culinaire construite au fil des siècles. Parmi les plats les plus appréciés, je recommande vivement le boeuf bourguignon, un mets traditionnel français composé de morceaux tendres de boeuf mijotés dans un bouillon savoureux	0.46	1.9	4	0.55
La France est célèbre pour sa cuisine délicieuse et son large éventail de plats savoureux, résultat d'une longue expérience culinaire construite au fil des siècles. Parmi les plats les plus appréciés, je recommande vivement le boeuf bourguignon, un mets traditionnel français composé de morceaux tendres de boeuf mijotés dans un bouillon savoureux et accompagné de légumes frais. Pour savourer ce délicieux plat, je	0.48	1.9	4	0.56
La France est célèbre pour sa cuisine délicieuse et son large éventail de plats savoureux, résultat d'une longue expérience culinaire construite au fil des siècles. Je recommande vivement d'essayer les desserts français, tels que les macarons, symboles de l'élégance et du raffinement à la mesure du panorama gastronomique français. En plus de leur goût unique, les plats français sont également présentés de manière artistique, avec une touche	0.46	1.9	4	0.55
La France est célèbre pour sa cuisine délicieuse et son large éventail de plats savoureux, résultat d'une longue expérience culinaire construite au fil des siècles. Parmi les plats les plus appréciés, je recommande vivement le boeuf bourguignon, un mets traditionnel français composé de morceaux tendres de boeuf mijotés dans un bouillon savoureux à base de vin rouge et de légumes. Pour déguster ce plat dans toute sa	0.45	2.0	4	0.54
Les touristes ont souvent hâte de visiter la Tour Eiffel, mais ils ne	0.54	2.0	3	0.59
Les touristes ont souvent hâte de visiter la Tour Eiffel, mais ils ne réalisent pas toujours que l'expérience est encore plus spectaculaire à des heures	0.6	1.7	3	0.65
Une précaution supplémentaire est nécessaire pour protéger le délicieux dessert tropical. Il est	0.54	1.4	3	0.63
Une précaution supplémentaire est nécessaire pour protéger le délicieux dessert tropical. Il est important de le conserver au frais, surtout pendant l'été lorsque les températures peuvent	0.5	1.7	3	0.59
Une précaution supplémentaire est nécessaire pour protéger le délicieux dessert tropical. Il est important de le conserver au frais pour que les touristes puissent en profiter	0.42	1.8	4	0.53
Une précaution supplémentaire est nécessaire pour protéger le délicieux dessert tropical. Il est important de le conserver au frais, surtout pendant l'été lorsque les températures peuvent être élevées. Ce gâteau est tout simplement divin, chaque bouchée	0.47	1.7	4	0.57
Une précaution supplémentaire est nécessaire pour protéger le délicieux dessert tropical. Il est important de le conserver au frais, surtout pendant l'été lorsque les températures peuvent atteindre des niveaux divins. Si vous avez la chance de le savourer sur	0.46	1.9	4	0.55
Une précaution supplémentaire est nécessaire pour protéger le délicieux dessert tropical. Il est important de le conserver au frais, surtout pendant l'été lorsque les températures peuvent être élevées. Ce gâteau est tout simplement divin, chaque bouchée est une explosion de saveurs exotiques. Je vous recommande vivement d'en	0.43	1.9	4	0.53
Une précaution supplémentaire est nécessaire pour protéger le délicieux dessert tropical. Il est important de le conserver au frais, surtout pendant l'été lorsque les températures peuvent être élevées. Ce gâteau est tout simplement divin, chaque bouchée est une explosion de saveurs exotiques. Je vous recommande vivement de le	0.42	1.9	4	0.52
Une précaution supplémentaire est nécessaire pour protéger le délicieux dessert tropical. Il est important de le conserver au frais, surtout pendant l'été lorsque les températures peuvent atteindre des niveaux divins. Si vous avez la chance de le savourer sur la terrasse de notre hôtel, vous comprendrez pourquoi Gustave en a fait sa	0.4	2.2	4	0.5
De nombreuses cultures utilisent des symboles pour représenter des idées et des valeurs	0.62	1.1	2	0.7
De nombreuses cultures utilisent des symboles pour représenter des idées et des valeurs , mais l'un des symboles les plus universels est celui du restaurant. Dans un	0.5	1.3	3	0.61
De nombreuses cultures utilisent des symboles pour représenter des idées et des valeurs importantes. Dans la culture française, le restaurant est un symbole de la convivialité et	0.52	1.5	3	0.61
De nombreuses cultures utilisent des symboles pour représenter des idées et des valeurs différentes, et ces symboles peuvent être très significatifs dans la vie quotidienne.	0.48	1.5	4	0.59
De nombreuses cultures utilisent des symboles pour représenter des idées et des valeurs , mais l'un des symboles les plus universels est celui du restaurant. Dans un pays comme la France, les cafés sont emblématiques de la vie sociale et	0.49	1.5	3	0.59
De nombreuses cultures utilisent des symboles pour représenter des idées et des valeurs , mais l'un des symboles les plus universels est celui du restaurant. Dans un pays comme la France, les restaurants sont considérés comme des lieux	0.46	1.5	3	0.58
De nombreuses cultures utilisent des symboles pour représenter des idées et des valeurs , mais l'un des symboles les plus universels est celui du restaurant. Dans un pays comme la France, les restaurants sont emblématiques de la gastronomie et	0.47	1.5	3	0.58
De nombreuses cultures utilisent des symboles pour représenter des idées et des valeurs , mais l'un des symboles les plus universels est celui du restaurant. Dans un pays comme la France, les cafés sont emblématiques de la vie sociale et culturelle, offrant différentes expériences culinaires et gastronomiques aux clients. 	0.52	1.5	3	0.61
De nombreuses cultures utilisent des symboles pour représenter des idées et des valeurs , mais l'un des symboles les plus universels est celui du restaurant. Dans un pays comme la France, les cafés sont emblématiques de la vie sociale et culturelle. Il existe différentes sortes de cafés, du petit bistro au grand café	0.52	1.5	3	0.61
De nombreuses cultures utilisent des symboles pour représenter des idées et des valeurs , mais l'un des symboles les plus universels est celui du restaurant. Dans un pays comme la France, les restaurants sont emblématiques de la gastronomie et de l'art de vivre. Les chefs créent des plats délicieux à	0.47	1.6	3	0.57
De nombreuses cultures utilisent des symboles pour représenter des idées et des valeurs , mais l'un des symboles les plus universels est celui du restaurant. Dans un pays comme la France, les cafés sont emblématiques de la vie sociale et culturelle. Il existe différentes sortes de cafés, du petit bistro au grand café -brasserie. En plus de leur ambiance unique, ces différents types de cafés ont également	0.5	1.5	3	0.6
De nombreuses cultures utilisent des symboles pour représenter des idées et des valeurs , mais l'un des symboles les plus universels est celui du restaurant. Dans un pays comme la France, les cafés sont emblématiques de la vie sociale et culturelle. Il existe différentes sortes de cafés, du petit bistro au grand café -restaurant. Dans ces différents établissements, les clients peuvent profiter de différentes	0.51	1.5	4	0.6
De nombreuses cultures utilisent des symboles pour représenter des idées et des valeurs , mais l'un des symboles les plus universels est celui du restaurant. Dans un pays comme la France, les cafés sont emblématiques de la vie sociale et culturelle. Il existe différentes sortes de cafés, du petit bistro au grand café , chacun offrant une atmosphère unique. Les températures varient également en	0.5	1.6	4	0.59
De nombreuses cultures utilisent des symboles pour représenter des idées et des valeurs , mais l'un des symboles les plus universels est celui du restaurant. Dans un pays comme la France, les cafés sont emblématiques de la vie sociale et culturelle. Il existe différentes sortes de cafés, du petit bistro au grand café -brasserie. En plus de leur ambiance unique, ces différents types de cafés ont également des menus différents. Je recommande fortement de visiter un café panoramique en France	0.49	1.5	3	0.6
De nombreuses cultures utilisent des symboles pour représenter des idées et des valeurs , mais l'un des symboles les plus universels est celui du restaurant. Dans un pays comme la France, les cafés sont emblématiques de la vie sociale et culturelle. Il existe différentes sortes de cafés, du petit bistro au grand café -brasserie. En plus de leur ambiance unique, ces différents types de cafés ont également leurs spécialités culinaires et leurs boissons uniques à recommander. Par exemple,	0.51	1.6	4	0.6
De nombreuses cultures utilisent des symboles pour représenter des idées et des valeurs , mais l'un des symboles les plus universels est celui du restaurant. Dans un pays comme la France, les cafés sont emblématiques de la vie sociale et culturelle. Il existe différentes sortes de cafés, du petit bistro au grand café -restaurant. Dans ces différents établissements, les clients peuvent profiter de différentes spécialités culinaires et des boissons abondantes tout en profitant du climat	0.5	1.5	4	0.6
Créée par Napoléon, l'Arc de Triomphe est une structure monumentale située	0.73	1.3	2	0.75
Créée par l'Empereur Napoléon, l'Arc de Triomphe est un	0.67	1.5	2	0.7
Créée par les Romains en l'honneur des dieux, la place du Triomphe est	0.62	1.4	3	0.68
Créée par l'Empereur Napoléon, l'Arc de Triomphe est un monument majestueux qui attire des millions de touristes chaque année pour admirer sa	0.59	1.7	3	0.64
Créée par l'Empereur Napoléon, l'Arc de Triomphe est un monument célèbre de Paris qui attire des millions de visiteurs chaque année. Son architecture est	0.58	1.6	3	0.64
Créée par Napoléon, l'Arc de Triomphe est une structure monumentale située au centre de Paris, offrant une vue panoramique spectaculaire sur la ville	0.57	1.7	3	0.63
Créée par l'Empereur Napoléon, l'Arc de Triomphe est un monument célèbre de Paris qui attire des millions de visiteurs chaque année. Son architecture est magnifique et ses détails sont admirés par les touristes du monde entier.	0.56	1.6	3	0.63
Créée par l'Empereur Napoléon, l'Arc de Triomphe est un monument célèbre de Paris qui attire des millions de visiteurs chaque année. Son architecture est admirée par de nombreux artistes et architectes du monde entier. Les détails et	0.54	1.7	3	0.61
Créée par l'Empereur Napoléon, l'Arc de Triomphe est un monument célèbre de Paris qui attire des millions de visiteurs chaque année. Son architecture est admirable et son histoire est appréciée par de nombreux Français.  Beaucoup de gens	0.51	1.6	4	0.6
Créée par l'Empereur Napoléon, l'Arc de Triomphe est un monument célèbre de Paris qui attire des millions de visiteurs chaque année. Son architecture est admirable et son histoire est appréciée par de nombreux Français.  Beaucoup de gens viennent ici pour admirer la vue spectaculaire sur les Champs-Élysées	0.53	1.6	4	0.61
Créée par l'Empereur Napoléon, l'Arc de Triomphe est un monument célèbre de Paris qui attire des millions de visiteurs chaque année. Son architecture est admirée par de nombreux artistes et architectes du monde entier. Les détails et la complexité de sa construction en font un véritable chef-d'œuvre de beauté	0.53	1.8	3	0.6
Créée par l'Empereur Napoléon, l'Arc de Triomphe est un monument célèbre de Paris qui attire des millions de visiteurs chaque année. Son architecture est magnifique et ses détails sont admirés par les touristes du monde entier. Si vous visitez l'Arc de Triomphe, vous serez accompagné d'une	0.5	1.7	3	0.59
Créée par l'Empereur Napoléon, l'Arc de Triomphe est un monument célèbre de Paris qui attire des millions de visiteurs chaque année. Son architecture est admirable et son histoire est appréciée par de nombreux Français.  Beaucoup de gens viennent ici pour admirer la vue spectaculaire sur les Champs-Élysées et les différentes statues qui ornent l'arc. Les précipitations de ces dernières	0.54	1.6	4	0.62
Créée par l'Empereur Napoléon, l'Arc de Triomphe est un monument célèbre de Paris qui attire des millions de visiteurs chaque année. Son architecture est admirée par de nombreux artistes et architectes du monde entier. Les détails et la complexité de sa construction en font un véritable chef-d'œuvre de beauté et d'ingénierie. De plus, les sculptures ornant l'arc	0.54	1.7	3	0.61
Créée par l'Empereur Napoléon, l'Arc de Triomphe est un monument célèbre de Paris qui attire des millions de visiteurs chaque année. Son architecture est admirable et son histoire est appréciée par de nombreux Français.  Beaucoup de gens viennent ici pour admirer la vue spectaculaire sur les Champs-Élysées et la ville animée. C'est un lieu incontournable lors d'une visite à	0.49	1.7	4	0.58
Créée par l'Empereur Napoléon, l'Arc de Triomphe est un monument célèbre de Paris qui attire des millions de visiteurs chaque année. Son architecture est admirable et son histoire est appréciée par de nombreux Français.  Beaucoup de gens viennent ici pour admirer la vue spectaculaire sur les Champs-Élysées et les différentes statues qui ornent l'arc. Les précipitations de ces dernières années ont permis aux orchidées d'être réintroduites dans les jardins	0.52	1.6	4	0.61
Créée par l'Empereur Napoléon, l'Arc de Triomphe est un monument célèbre de Paris qui attire des millions de visiteurs chaque année. Son architecture est admirée par de nombreux artistes et architectes du monde entier. Les détails et la complexité de sa construction en font un véritable chef-d'œuvre de beauté et d'ingénierie. De plus, les sculptures ornant l'arc représentent des scènes historiques importantes pour la France. Il est également possible de	0.53	1.7	3	0.6
Créée par l'Empereur Napoléon, l'Arc de Triomphe est un monument célèbre de Paris qui attire des millions de visiteurs chaque année. Son architecture est admirée par de nombreux artistes et architectes du monde entier. Les détails et la complexité de sa construction en font un véritable chef-d'œuvre de beauté et d'ingénierie. De plus, les sculptures ornant l'arc représentent des scènes historiques importantes de la France. Après avoir admiré	0.53	1.7	3	0.6
