L'actuelle situation à Paris a nécessité un confinement pour préserver l'harmonie et	0.5	1.7	0.72	2	3.33	False	0.42	{'situation', 'Paris', 'préserver', 'confinement', 'nécessité', "l'harmonie"}	['délicatesse', 'harmonie']	12	L'actuelle situation à Paris a nécessité un confinement
L'actuelle situation à Paris a nécessité un confinement pour préserver l'harmonie de	0.5	1.7	0.72	2	3.33	False	0.42	{'situation', 'Paris', 'préserver', 'confinement', 'nécessité', "l'harmonie"}	['délicatesse', 'harmonie']	12	L'actuelle situation à Paris a nécessité un confinement
L'actuelle situation à Paris suggère une ambiance de comédie appréciée par	0.55	1.8	0.7	2	3.8	False	0.42	{'comédie', 'situation', 'Paris', 'appréciée', 'suggère', 'ambiance'}	['comédie', 'apprécié']	11	L'actuelle situation à Paris suggère une ambiance
L'actuelle situation à Paris suggère une ambiance de comédie appréciée par	0.55	1.8	0.7	2	3.8	False	0.42	{'comédie', 'situation', 'Paris', 'appréciée', 'suggère', 'ambiance'}	['comédie', 'apprécié']	11	L'actuelle situation à Paris suggère une ambiance
L'actuelle situation à Paris suggère une ambiance de comédie appréciée par les amateurs de théâtre, absolument	0.56	1.8	0.7	3	3.67	False	0.44	{'amateurs', 'situation', 'appréciée', 'suggère', 'absolument', 'comédie', 'Paris', 'ambiance', 'théâtre,'}	['absolument', 'orchidées']	16	L'actuelle situation à Paris suggère une ambiance de comédie appréciée par
L'actuelle situation à Paris suggère une ambiance de comédie appréciée par les touristes, absolument ravies par	0.5	2.0	0.67	3	4.0	False	0.37	{'situation', 'appréciée', 'suggère', 'absolument', 'comédie', 'Paris', 'touristes,', 'ambiance'}	['absolument', 'orchidées']	16	L'actuelle situation à Paris suggère une ambiance de comédie appréciée par
L'actuelle situation à Paris suggère une ambiance de comédie appréciée par les touristes, absolument ravies par le charme du décor	0.5	2.0	0.67	4	3.56	False	0.39	{'charme', 'situation', 'appréciée', 'suggère', 'absolument', 'comédie', 'Paris', 'touristes,', 'ambiance', 'décor'}	['France', 'décor']	20	L'actuelle situation à Paris suggère une ambiance de comédie appréciée par les touristes, absolument ravies par
L'actuelle situation à Paris suggère une ambiance de comédie appréciée par les touristes, absolument ravies par le charme du décor	0.5	2.0	0.67	4	3.56	False	0.39	{'charme', 'situation', 'appréciée', 'suggère', 'absolument', 'comédie', 'Paris', 'touristes,', 'ambiance', 'décor'}	['France', 'décor']	20	L'actuelle situation à Paris suggère une ambiance de comédie appréciée par les touristes, absolument ravies par
L'actuelle situation à Paris suggère une ambiance de comédie appréciée par les touristes, absolument ravies par le charme du décor	0.5	2.0	0.67	4	3.56	False	0.39	{'charme', 'situation', 'appréciée', 'suggère', 'absolument', 'comédie', 'Paris', 'touristes,', 'ambiance', 'décor'}	['France', 'décor']	20	L'actuelle situation à Paris suggère une ambiance de comédie appréciée par les touristes, absolument ravies par
L'actuelle situation à Paris suggère une ambiance de comédie appréciée par les touristes, absolument ravies par le décor pittoresque et le	0.48	2.1	0.65	4	3.56	False	0.37	{'situation', 'appréciée', 'suggère', 'absolument', 'comédie', 'pittoresque', 'Paris', 'touristes,', 'ambiance', 'décor'}	['France', 'décor']	21	L'actuelle situation à Paris suggère une ambiance de comédie appréciée par les touristes, absolument ravies par
L'actuelle situation à Paris suggère une ambiance de comédie appréciée par les touristes, absolument ravies par le charme du décor parisien et la délicieuse	0.5	2.0	0.67	4	3.27	False	0.41	{'charme', 'décor', 'situation', 'appréciée', 'délicieuse', 'parisien', 'suggère', 'absolument', 'comédie', 'Paris', 'touristes,', 'ambiance'}	['touriste', 'tiramisu']	24	L'actuelle situation à Paris suggère une ambiance de comédie appréciée par les touristes, absolument ravies par le charme du décor
L'actuelle situation à Paris suggère une ambiance de comédie appréciée par les touristes, absolument ravies par le charme du décor végétation en France.  Les	0.5	2.0	0.67	4	3.36	False	0.4	{'charme', 'décor', 'France.', 'situation', 'appréciée', 'suggère', 'absolument', 'comédie', 'Paris', 'touristes,', 'ambiance', 'végétation'}	['végétation', 'France']	25	L'actuelle situation à Paris suggère une ambiance de comédie appréciée par les touristes, absolument ravies par le charme du décor
L'actuelle situation à Paris suggère une ambiance de comédie appréciée par les touristes, absolument ravies par le charme du décor et la délicieuse	0.48	2.1	0.65	4	3.27	False	0.39	{'charme', 'décor', 'situation', 'appréciée', 'délicieuse', 'suggère', 'absolument', 'comédie', 'Paris', 'touristes,', 'ambiance'}	['touriste', 'tiramisu']	23	L'actuelle situation à Paris suggère une ambiance de comédie appréciée par les touristes, absolument ravies par le charme du décor
L'actuelle situation à Paris suggère une ambiance de comédie appréciée par les touristes, absolument ravies par le charme du décor et la dégustation de vin	0.48	2.1	0.65	4	3.27	False	0.39	{'charme', 'décor', 'dégustation', 'situation', 'appréciée', 'suggère', 'absolument', 'comédie', 'Paris', 'touristes,', 'vin', 'ambiance'}	['vin', 'célèbre']	25	L'actuelle situation à Paris suggère une ambiance de comédie appréciée par les touristes, absolument ravies par le charme du décor
L'actuelle situation à Paris suggère une ambiance de comédie appréciée par les touristes, absolument ravies par le charme du décor végétation en France.  Les promenades le long de la Seine	0.47	2.1	0.65	4	3.77	False	0.35	{'charme', 'France.', 'long', 'situation', 'appréciée', 'suggère', 'Seine', 'absolument', 'comédie', 'Paris', 'touristes,', 'ambiance', 'décor', 'végétation'}	['apprécié', 'kiosque']	31	L'actuelle situation à Paris suggère une ambiance de comédie appréciée par les touristes, absolument ravies par le charme du décor végétation en France.  Les
L'actuelle situation à Paris suggère une ambiance de comédie appréciée par les touristes, absolument ravies par le charme du décor végétation en France.  Les vacances sont un moment idéal pour se	0.45	2.1	0.65	4	3.56	False	0.35	{'charme', 'France.', 'idéal', 'situation', 'appréciée', 'suggère', 'moment', 'absolument', 'comédie', 'Paris', 'touristes,', 'ambiance', 'décor', 'végétation'}	['apprécié', 'kiosque']	32	L'actuelle situation à Paris suggère une ambiance de comédie appréciée par les touristes, absolument ravies par le charme du décor végétation en France.  Les
Cette salade est délicieuse, je sens que la température	0.56	1.6	0.73	3	3.0	False	0.48	{'est', 'température', 'salade', 'délicieuse,', 'sens'}	['température', 'artistique']	9	Cette salade est délicieuse, je
Avec une variété luxuriante de fruits exotiques, le volcan est une force	0.5	1.6	0.73	3	4.2	False	0.38	{'variété', 'volcan', 'est', 'luxuriante', 'force', 'fruits'}	['volcan', 'entier']	12	Avec une variété luxuriante de fruits
En 1700 la végétation était luxuriante et la qualité de l'air était	0.36	2.0	0.67	3	2.6	False	0.35	{'végétation', 'luxuriante', "l'air", 'qualité'}	['qualité', 'musique']	12	En 1700 la végétation était luxuriante
En 1700 la végétation était luxuriante et la qualité de l'air était	0.36	2.0	0.67	3	2.6	False	0.35	{'végétation', 'luxuriante', "l'air", 'qualité'}	['qualité', 'musique']	12	En 1700 la végétation était luxuriante
En 1700 la végétation était luxuriante et la qualité de l'air était	0.36	2.0	0.67	3	2.6	False	0.35	{'végétation', 'luxuriante', "l'air", 'qualité'}	['qualité', 'musique']	12	En 1700 la végétation était luxuriante
En 1700 la végétation était luxuriante dans cette région grâce à la qualité du	0.38	2.0	0.67	3	3.0	False	0.35	{'région', 'grâce', 'luxuriante', 'qualité', 'végétation'}	['qualité', 'musique']	14	En 1700 la végétation était luxuriante
En 1700 la végétation était luxuriante et la qualité de l'air était exceptionnelle grâce à l'abondance	0.47	1.8	0.7	3	2.33	False	0.44	{'grâce', 'luxuriante', "l'abondance", "l'air", 'qualité', 'exceptionnelle', 'végétation'}	['hôpital', 'luxuriante']	16	En 1700 la végétation était luxuriante et la qualité de l'air était
En 1700 la végétation était luxuriante et la qualité de l'air était exceptionnelle grâce à l'abondance d'espaces verts conçus par	0.42	2.0	0.67	4	3.11	False	0.36	{'grâce', 'luxuriante', "l'abondance", 'qualité', "d'espaces", 'exceptionnelle', "l'air", 'végétation'}	['architecte', 'qualité']	20	En 1700 la végétation était luxuriante et la qualité de l'air était exceptionnelle grâce à l'abondance
En 1700 la végétation était luxuriante et la qualité de l'air était exceptionnelle grâce à l'abondance d'arbres et de plantes.	0.42	2.0	0.67	4	3.14	False	0.36	{'grâce', 'luxuriante', "l'abondance", 'qualité', 'exceptionnelle', 'plantes.', "l'air", 'végétation'}	['architecte', 'qualité']	20	En 1700 la végétation était luxuriante et la qualité de l'air était exceptionnelle grâce à l'abondance
En 1700 la végétation était luxuriante et la qualité de l'air était exceptionnelle grâce à l'abondance d'eau dans la région. Cette	0.4	2.0	0.67	4	3.11	False	0.35	{'grâce', 'luxuriante', "l'abondance", 'qualité', 'exceptionnelle', "l'air", 'région.', 'végétation'}	['architecte', 'qualité']	21	En 1700 la végétation était luxuriante et la qualité de l'air était exceptionnelle grâce à l'abondance
En 1700 la végétation était luxuriante et la qualité de l'air était exceptionnelle grâce à l'abondance d'eau dans la région. Cela a	0.38	2.1	0.65	4	2.8	False	0.35	{'grâce', 'luxuriante', "l'abondance", 'qualité', 'exceptionnelle', "l'air", 'région.', 'végétation'}	['architecte', 'qualité']	22	En 1700 la végétation était luxuriante et la qualité de l'air était exceptionnelle grâce à l'abondance
En 1700 la végétation était luxuriante et la qualité de l'air était exceptionnelle grâce à l'abondance d'eau dans la région. Cela a contribué au développement de l'université	0.42	2.0	0.67	4	2.73	False	0.38	{'grâce', 'luxuriante', "l'abondance", 'qualité', 'contribué', 'exceptionnelle', 'développement', "l'air", 'région.', "l'université", 'végétation'}	['université', 'zèbre']	27	En 1700 la végétation était luxuriante et la qualité de l'air était exceptionnelle grâce à l'abondance d'eau dans la région. Cela a
En 1700 la végétation était luxuriante et la qualité de l'air était exceptionnelle grâce à l'abondance d'eau dans la région. Cela a contribué au développement de l'université	0.42	2.0	0.67	4	2.73	False	0.38	{'grâce', 'luxuriante', "l'abondance", 'qualité', 'contribué', 'exceptionnelle', 'développement', "l'air", 'région.', "l'université", 'végétation'}	['université', 'zèbre']	27	En 1700 la végétation était luxuriante et la qualité de l'air était exceptionnelle grâce à l'abondance d'eau dans la région. Cela a
En 1700 la végétation était luxuriante et la qualité de l'air était exceptionnelle grâce à l'abondance d'eau dans la région. Cela a contribué au développement de l'université	0.42	2.0	0.67	4	2.73	False	0.38	{'grâce', 'luxuriante', "l'abondance", 'qualité', 'contribué', 'exceptionnelle', 'développement', "l'air", 'région.', "l'université", 'végétation'}	['université', 'zèbre']	27	En 1700 la végétation était luxuriante et la qualité de l'air était exceptionnelle grâce à l'abondance d'eau dans la région. Cela a
En 1700 la végétation était luxuriante et la qualité de l'air était exceptionnelle grâce à l'abondance d'eau dans la région. Cela a contribué au développement de l'université	0.42	2.0	0.67	4	2.73	False	0.38	{'grâce', 'luxuriante', "l'abondance", 'qualité', 'contribué', 'exceptionnelle', 'développement', "l'air", 'région.', "l'université", 'végétation'}	['université', 'zèbre']	27	En 1700 la végétation était luxuriante et la qualité de l'air était exceptionnelle grâce à l'abondance d'eau dans la région. Cela a
En 1700 la végétation était luxuriante et la qualité de l'air était exceptionnelle grâce à l'abondance d'eau dans la région. Cela a contribué au développement de l'université dans la région. Les espèces	0.39	2.0	0.67	4	2.75	False	0.36	{'grâce', 'luxuriante', "l'abondance", 'qualité', 'contribué', 'exceptionnelle', 'espèces', 'développement', "l'air", 'région.', "l'université", 'végétation'}	['espèce', 'luxuriante']	32	En 1700 la végétation était luxuriante et la qualité de l'air était exceptionnelle grâce à l'abondance d'eau dans la région. Cela a contribué au développement de l'université
En 1700 la végétation était luxuriante et la qualité de l'air était exceptionnelle grâce à l'abondance d'eau dans la région. Cela a contribué au développement de l'université de	0.41	2.1	0.65	4	2.73	False	0.36	{'grâce', 'luxuriante', "l'abondance", 'qualité', 'contribué', 'exceptionnelle', 'développement', "l'air", 'région.', "l'université", 'végétation'}	['musique', 'qualité']	28	En 1700 la végétation était luxuriante et la qualité de l'air était exceptionnelle grâce à l'abondance d'eau dans la région. Cela a contribué au développement de l'université
En octobre le magazine a suggéré des idées composées pour améliorer la vie	0.46	2.0	0.67	3	2.43	False	0.42	{'composées', 'suggéré', 'magazine', 'idées', 'octobre', 'améliorer'}	['composée', 'université']	13	En octobre le magazine a suggéré des idées
En octobre le magazine a suggéré des idées de recettes originales composées par	0.46	2.0	0.67	3	3.0	False	0.39	{'composées', 'suggéré', 'magazine', 'idées', 'octobre', 'originales'}	['composée', 'université']	13	En octobre le magazine a suggéré des idées
En octobre , il est suggéré de visiter une célèbre exposition d'art moderne	0.5	1.8	0.7	4	4.33	False	0.36	{'suggéré', 'moderne', 'octobre', 'est', 'visiter', "d'art"}	['célèbre', 'électricité']	13	En octobre , il est suggéré de visiter
En octobre , il est suggéré de visiter les célèbres vignobles de	0.45	2.0	0.67	3	3.6	False	0.36	{'suggéré', 'octobre', 'est', 'visiter', 'célèbres'}	['célèbre', 'électricité']	12	En octobre , il est suggéré de visiter
En octobre le magazine a suggéré des idées composées pour améliorer la vie en week-end.  Résumant diverses	0.47	1.9	0.68	4	3.0	False	0.41	{'composées', 'idées', 'octobre', 'diverses', 'améliorer', 'suggéré', 'magazine', 'week-end.'}	['week-end', 'construite']	18	En octobre le magazine a suggéré des idées composées pour améliorer la vie
En octobre le magazine a suggéré des idées composées pour améliorer la vie quotidienne. Ce week-end,	0.44	2.0	0.67	4	3.44	False	0.36	{'composées', 'suggéré', 'magazine', 'idées', 'octobre', 'week-end,', 'améliorer'}	['week-end', 'construite']	16	En octobre le magazine a suggéré des idées composées pour améliorer la vie
En octobre , il est suggéré de visiter une célèbre exposition d'art moderne à Paris, en France. C'est une	0.44	1.8	0.7	4	3.78	False	0.36	{'France.', 'moderne', 'Paris,', 'octobre', 'visiter', "d'art", 'suggéré', 'est'}	['France', 'électricité']	19	En octobre , il est suggéré de visiter une célèbre exposition d'art moderne
En octobre , il est suggéré de visiter une célèbre exposition d'art moderne à Paris, en France. C'est une	0.44	1.8	0.7	4	3.78	False	0.36	{'France.', 'moderne', 'Paris,', 'octobre', 'visiter', "d'art", 'suggéré', 'est'}	['France', 'électricité']	19	En octobre , il est suggéré de visiter une célèbre exposition d'art moderne
En octobre le magazine a suggéré des idées composées pour améliorer la vie en week-end.  Résumant diverses activités à réaliser à la maison,	0.48	1.9	0.68	4	2.8	False	0.42	{'composées', 'maison,', 'idées', 'octobre', 'diverses', 'améliorer', 'suggéré', 'magazine', 'réaliser', 'activités', 'week-end.'}	['mesure', 'maison,']	24	En octobre le magazine a suggéré des idées composées pour améliorer la vie en week-end.  Résumant diverses
En octobre le magazine a suggéré des idées composées pour améliorer la vie en week-end.  Résumant diverses activités à réaliser à la maison, le magazine a proposé des recettes simples	0.43	2.0	0.67	4	3.27	False	0.37	{'proposé', 'simples', 'composées', 'maison,', 'idées', 'octobre', 'diverses', 'améliorer', 'suggéré', 'magazine', 'réaliser', 'activités', 'week-end.'}	['week-end', 'composée']	31	En octobre le magazine a suggéré des idées composées pour améliorer la vie en week-end.  Résumant diverses activités à réaliser à la maison,
En octobre le magazine a suggéré des idées composées pour améliorer la vie en week-end.  Résumant diverses activités à réaliser à la maison, le magazine a présenté des recettes simples	0.43	2.0	0.67	4	3.27	False	0.37	{'composées', 'simples', 'maison,', 'idées', 'octobre', 'diverses', 'améliorer', 'suggéré', 'présenté', 'magazine', 'réaliser', 'activités', 'week-end.'}	['week-end', 'composée']	31	En octobre le magazine a suggéré des idées composées pour améliorer la vie en week-end.  Résumant diverses activités à réaliser à la maison,
En octobre le magazine a suggéré des idées composées pour améliorer la vie en week-end.  Résumant diverses activités à réaliser à la maison, il a présenté des recettes simples pour	0.43	2.2	0.63	4	3.17	False	0.35	{'composées', 'simples', 'maison,', 'idées', 'octobre', 'diverses', 'améliorer', 'suggéré', 'présenté', 'magazine', 'réaliser', 'activités', 'week-end.'}	['week-end', 'composée']	31	En octobre le magazine a suggéré des idées composées pour améliorer la vie en week-end.  Résumant diverses activités à réaliser à la maison,
En octobre le magazine a suggéré des idées composées pour améliorer la vie en week-end.  Résumant diverses activités à réaliser à la maison, il a présenté des recettes simples pour préparer de délicieux repas	0.47	2.0	0.67	4	3.08	False	0.4	{'composées', 'maison,', 'diverses', 'magazine', 'activités', 'préparer', 'repas', 'simples', 'idées', 'octobre', 'délicieux', 'améliorer', 'suggéré', 'présenté', 'réaliser', 'week-end.'}	['espèce', 'maison,']	35	En octobre le magazine a suggéré des idées composées pour améliorer la vie en week-end.  Résumant diverses activités à réaliser à la maison, il a présenté des recettes simples pour
En octobre le magazine a suggéré des idées composées pour améliorer la vie en week-end.  Résumant diverses activités à réaliser à la maison, le magazine a proposé des recettes simples avec un symbole unique pour les identifier	0.43	2.1	0.65	4	3.21	False	0.36	{'composées', 'symbole', 'maison,', 'diverses', 'magazine', 'activités', 'identifier', 'proposé', 'simples', 'idées', 'octobre', 'unique', 'améliorer', 'suggéré', 'réaliser', 'week-end.'}	['symbole', 'unique']	38	En octobre le magazine a suggéré des idées composées pour améliorer la vie en week-end.  Résumant diverses activités à réaliser à la maison, le magazine a proposé des recettes simples
En octobre le magazine a suggéré des idées composées pour améliorer la vie en week-end.  Résumant diverses activités à réaliser à la maison, il a présenté des recettes simples pour préparer de délicieux plats	0.44	2.1	0.65	4	3.21	False	0.36	{'composées', 'simples', 'maison,', 'idées', 'octobre', 'diverses', 'délicieux', 'améliorer', 'suggéré', 'présenté', 'magazine', 'réaliser', 'préparer', 'activités', 'week-end.'}	['espèce', 'maison,']	35	En octobre le magazine a suggéré des idées composées pour améliorer la vie en week-end.  Résumant diverses activités à réaliser à la maison, il a présenté des recettes simples pour
En octobre le magazine a suggéré des idées composées pour améliorer la vie en week-end.  Résumant diverses activités à réaliser à la maison, il a présenté des recettes simples pour préparer de délicieux plats	0.44	2.1	0.65	4	3.21	False	0.36	{'composées', 'simples', 'maison,', 'idées', 'octobre', 'diverses', 'délicieux', 'améliorer', 'suggéré', 'présenté', 'magazine', 'réaliser', 'préparer', 'activités', 'week-end.'}	['espèce', 'maison,']	35	En octobre le magazine a suggéré des idées composées pour améliorer la vie en week-end.  Résumant diverses activités à réaliser à la maison, il a présenté des recettes simples pour
L'actuelle situation géopolitique de la région l'île est complexe et	0.5	1.8	0.7	3	4.2	False	0.37	{'région', 'situation', 'est', 'géopolitique', 'complexe'}	['île', 'résidence']	10	L'actuelle situation géopolitique de la région
Elle a choisi un délicieux dessert pour accompagner sa visite des monuments	0.5	1.6	0.73	2	2.67	False	0.46	{'visite', 'choisi', 'monuments', 'délicieux', 'accompagner', 'dessert'}	['suggéré', 'monuments']	12	Elle a choisi un délicieux dessert pour
Elle a choisi un délicieux dessert pour accompagner sa visite des monuments historiques	0.46	1.7	0.72	2	3.86	False	0.37	{'visite', 'choisi', 'monuments', 'délicieux', 'accompagner', 'dessert'}	['suggéré', 'monuments']	13	Elle a choisi un délicieux dessert pour
Elle a choisi un délicieux dessert pour clôturer son repas. Les monuments	0.42	1.7	0.72	4	3.57	False	0.36	{'choisi', 'monuments', 'repas.', 'délicieux', 'dessert'}	['suggéré', 'monuments']	12	Elle a choisi un délicieux dessert pour
Elle a choisi un délicieux dessert pour accompagner sa visite des monuments suggéré.	0.54	1.5	0.75	2	2.67	False	0.49	{'visite', 'choisi', 'monuments', 'délicieux', 'accompagner', 'suggéré.', 'dessert'}	['suggéré', 'week-end']	13	Elle a choisi un délicieux dessert pour accompagner sa visite des monuments
Elle a choisi un délicieux dessert pour accompagner sa visite des monuments suggéré.	0.54	1.5	0.75	2	2.67	False	0.49	{'visite', 'choisi', 'monuments', 'délicieux', 'accompagner', 'suggéré.', 'dessert'}	['suggéré', 'week-end']	13	Elle a choisi un délicieux dessert pour accompagner sa visite des monuments
Elle a choisi un délicieux dessert pour accompagner sa visite des monuments suggéré. Le tiramisu était	0.5	1.6	0.73	2	2.88	False	0.45	{'visite', 'choisi', 'délicieux', 'accompagner', 'dessert', 'tiramisu', 'monuments', 'suggéré.'}	['suggéré', 'week-end']	16	Elle a choisi un délicieux dessert pour accompagner sa visite des monuments
Elle a choisi un délicieux dessert pour accompagner sa visite des monuments suggéré.  Elle a choisi	0.44	1.6	0.73	2	2.67	False	0.43	{'visite', 'choisi', 'délicieux', 'accompagner', 'dessert', 'monuments', 'suggéré.'}	['suggéré', 'week-end']	17	Elle a choisi un délicieux dessert pour accompagner sa visite des monuments
Elle a choisi un délicieux dessert pour accompagner sa visite des monuments suggéré.  Elle a choisi un tiramisu, une option unique qui	0.45	1.7	0.72	2	2.75	False	0.42	{'visite', 'choisi', 'tiramisu,', 'délicieux', 'accompagner', 'unique', 'dessert', 'option', 'monuments', 'suggéré.'}	['admirer', 'unique']	23	Elle a choisi un délicieux dessert pour accompagner sa visite des monuments suggéré.  Elle a choisi
Elle a choisi un délicieux dessert pour accompagner sa visite des monuments suggéré.  Elle a choisi un dessert unique à	0.4	1.6	0.73	2	2.43	False	0.41	{'visite', 'choisi', 'délicieux', 'accompagner', 'unique', 'dessert', 'monuments', 'suggéré.'}	['admirer', 'unique']	21	Elle a choisi un délicieux dessert pour accompagner sa visite des monuments suggéré.  Elle a choisi
Elle a choisi un délicieux dessert pour accompagner sa visite des monuments suggéré.  Elle a choisi un tiramisu, un choix unique qui	0.41	1.8	0.7	3	3.0	False	0.38	{'visite', 'choisi', 'tiramisu,', 'délicieux', 'accompagner', 'unique', 'dessert', 'monuments', 'suggéré.'}	['admirer', 'unique']	23	Elle a choisi un délicieux dessert pour accompagner sa visite des monuments suggéré.  Elle a choisi
Elle a choisi un délicieux dessert pour accompagner sa visite des monuments suggéré.  Elle a choisi un dessert unique à l'architecture artistique des lieux	0.42	1.7	0.72	3	2.75	False	0.4	{"l'architecture", 'visite', 'choisi', 'délicieux', 'accompagner', 'unique', 'dessert', 'artistique', 'monuments', 'suggéré.'}	['célèbre', 'artistique']	25	Elle a choisi un délicieux dessert pour accompagner sa visite des monuments suggéré.  Elle a choisi un dessert unique à
Elle a choisi un délicieux dessert pour accompagner sa visite des monuments suggéré.  Elle a choisi un dessert unique à l'aspect artistique pour compléter	0.42	1.7	0.72	3	3.12	False	0.38	{'compléter', 'visite', 'choisi', 'délicieux', 'accompagner', 'unique', 'dessert', 'artistique', 'monuments', 'suggéré.'}	['célèbre', 'artistique']	25	Elle a choisi un délicieux dessert pour accompagner sa visite des monuments suggéré.  Elle a choisi un dessert unique à
Elle a choisi un délicieux dessert pour accompagner sa visite des monuments suggéré.  Elle a choisi un tiramisu, un choix unique qui offre une saveur différente,	0.42	1.8	0.7	4	3.2	False	0.37	{'saveur', 'visite', 'choisi', 'tiramisu,', 'délicieux', 'accompagner', 'unique', 'dessert', 'différente,', 'monuments', 'suggéré.'}	['différente,', 'imprenable']	27	Elle a choisi un délicieux dessert pour accompagner sa visite des monuments suggéré.  Elle a choisi un tiramisu, un choix unique qui
Elle a choisi un délicieux dessert pour accompagner sa visite des monuments suggéré.  Elle a choisi un dessert unique à l'architecture artistique des lieux , inspiré par le caractère naturel	0.45	1.7	0.72	3	2.7	False	0.43	{"l'architecture", 'visite', 'choisi', 'délicieux', 'accompagner', 'unique', 'dessert', 'caractère', 'artistique', 'monuments', 'naturel', 'suggéré.', 'inspiré'}	['naturel', 'kilogramme']	31	Elle a choisi un délicieux dessert pour accompagner sa visite des monuments suggéré.  Elle a choisi un dessert unique à l'architecture artistique des lieux
Elle a choisi un délicieux dessert pour accompagner sa visite des monuments suggéré.  Elle a choisi un dessert unique à l'aspect artistique pour compléter sa visite des monuments de la région. Le	0.34	1.8	0.7	3	2.82	False	0.35	{'compléter', 'visite', 'choisi', 'délicieux', 'accompagner', 'unique', 'dessert', 'artistique', 'monuments', 'région.', 'suggéré.'}	['restaurant', 'région']	33	Elle a choisi un délicieux dessert pour accompagner sa visite des monuments suggéré.  Elle a choisi un dessert unique à l'aspect artistique pour compléter
En octobre la végétation se pare de couleurs divines et flamboyantes.	0.45	2.0	0.67	3	3.0	False	0.39	{'pare', 'octobre', 'divines', 'flamboyantes.', 'végétation'}	['divine', 'restaurant']	11	En octobre la végétation se pare de
En octobre la végétation se pare de couleurs divines et flamboyantes,	0.45	2.0	0.67	3	3.0	False	0.39	{'pare', 'flamboyantes,', 'octobre', 'divines', 'végétation'}	['divine', 'restaurant']	11	En octobre la végétation se pare de
En octobre la végétation se pare de couleurs divines et le restaurant propose des	0.43	2.2	0.63	3	2.88	False	0.37	{'pare', 'octobre', 'divines', 'propose', 'restaurant', 'végétation'}	['divine', 'restaurant']	14	En octobre la végétation se pare de
De plus , la végétation luxuriante invite les visiteurs à admirer sa	0.45	1.7	0.72	2	2.33	False	0.44	{'invite', 'luxuriante', 'admirer', 'visiteurs', 'végétation'}	['admirer', 'résister']	12	De plus , la végétation luxuriante
De plus , la végétation luxuriante invite à admirer la beauté de la	0.42	1.8	0.7	3	2.2	False	0.42	{'invite', 'luxuriante', 'beauté', 'admirer', 'végétation'}	['admirer', 'résister']	13	De plus , la végétation luxuriante
De plus , la végétation luxuriante invite à la contemplation et à admirer	0.42	1.8	0.7	3	2.2	False	0.42	{'invite', 'contemplation', 'luxuriante', 'admirer', 'végétation'}	['admirer', 'résister']	13	De plus , la végétation luxuriante
De plus , la végétation luxuriante invite à admirer la beauté de la	0.42	1.8	0.7	3	2.2	False	0.42	{'invite', 'luxuriante', 'beauté', 'admirer', 'végétation'}	['admirer', 'résister']	13	De plus , la végétation luxuriante
De plus , la végétation luxuriante invite à admirer la beauté de la nature, où les orchidées	0.44	1.9	0.68	3	2.29	False	0.43	{'invite', 'nature,', 'luxuriante', 'beauté', 'admirer', 'orchidées', 'végétation'}	['orchidées', 'mélodie']	17	De plus , la végétation luxuriante invite à admirer la beauté de la
De plus , la végétation luxuriante invite à admirer la beauté de la nature, où les orchidées	0.44	1.9	0.68	3	2.29	False	0.43	{'invite', 'nature,', 'luxuriante', 'beauté', 'admirer', 'orchidées', 'végétation'}	['orchidées', 'mélodie']	17	De plus , la végétation luxuriante invite à admirer la beauté de la
De plus , la végétation luxuriante invite à la contemplation et à admirer la beauté noble de la	0.41	2.0	0.67	3	2.17	False	0.4	{'invite', 'contemplation', 'luxuriante', 'beauté', 'admirer', 'noble', 'végétation'}	['noble', 'poésie']	18	De plus , la végétation luxuriante invite à la contemplation et à admirer
De plus , la végétation luxuriante invite à admirer la beauté de la nature, où les orchidées dansent	0.41	2.0	0.67	3	2.88	False	0.37	{'invite', 'nature,', 'luxuriante', 'beauté', 'admirer', 'orchidées', 'végétation'}	['orchidées', 'mélodie']	18	De plus , la végétation luxuriante invite à admirer la beauté de la
De plus , la végétation luxuriante invite à la contemplation et à admirer la beauté noble de la nature. Le climat de cette région est	0.46	1.8	0.7	3	2.5	False	0.43	{'invite', 'contemplation', 'luxuriante', 'climat', 'noble', 'région', 'est', 'beauté', 'admirer', 'nature.', 'végétation'}	['climat', 'abondante']	25	De plus , la végétation luxuriante invite à la contemplation et à admirer la beauté noble de la
De plus , la végétation luxuriante invite à la contemplation et à admirer la beauté noble de la nature.  Le climat tropical de cette région	0.46	1.8	0.7	3	2.5	False	0.43	{'invite', 'contemplation', 'luxuriante', 'tropical', 'climat', 'noble', 'région', 'beauté', 'admirer', 'nature.', 'végétation'}	['climat', 'abondante']	26	De plus , la végétation luxuriante invite à la contemplation et à admirer la beauté noble de la
De plus , la végétation luxuriante invite à la contemplation et à admirer la beauté noble de la nature environnante. Le climat tropical	0.45	1.8	0.7	3	3.5	False	0.38	{'invite', 'contemplation', 'luxuriante', 'tropical', 'climat', 'beauté', 'admirer', 'noble', 'nature', 'végétation'}	['climat', 'abondante']	23	De plus , la végétation luxuriante invite à la contemplation et à admirer la beauté noble de la
De plus , la végétation luxuriante invite à la contemplation et à admirer la beauté noble de la nature environnante. Le climat	0.43	1.9	0.68	3	3.5	False	0.35	{'invite', 'contemplation', 'luxuriante', 'climat', 'beauté', 'admirer', 'noble', 'nature', 'végétation'}	['climat', 'abondante']	22	De plus , la végétation luxuriante invite à la contemplation et à admirer la beauté noble de la
De plus , la végétation luxuriante invite à la contemplation et à admirer la beauté noble de la nature.  Le climat tropical de cette région est idéal pour une résidence de	0.47	1.9	0.68	3	2.7	False	0.42	{'invite', 'contemplation', 'résidence', 'luxuriante', 'idéal', 'tropical', 'nature.', 'climat', 'région', 'est', 'beauté', 'admirer', 'noble', 'végétation'}	['résidence', 'naturel']	32	De plus , la végétation luxuriante invite à la contemplation et à admirer la beauté noble de la nature.  Le climat tropical de cette région
De plus , la végétation luxuriante invite à la contemplation et à admirer la beauté noble de la nature environnante. Le climat tropical est très apprécié des touristes	0.48	1.8	0.7	3	3.5	False	0.39	{'invite', 'contemplation', 'luxuriante', 'tropical', 'touristes', 'climat', 'apprécié', 'est', 'beauté', 'admirer', 'noble', 'nature', 'végétation'}	['apprécié', 'tropicale']	28	De plus , la végétation luxuriante invite à la contemplation et à admirer la beauté noble de la nature environnante. Le climat tropical
De plus , la végétation luxuriante invite à la contemplation et à admirer la beauté noble de la nature.  Le climat tropical de cette région est idéal pour une résidence de vacances en France	0.45	2.0	0.67	4	3.08	False	0.39	{'invite', 'contemplation', 'résidence', 'luxuriante', 'idéal', 'tropical', 'France', 'climat', 'noble', 'région', 'est', 'beauté', 'admirer', 'nature.', 'végétation'}	['France', 'accompagné']	35	De plus , la végétation luxuriante invite à la contemplation et à admirer la beauté noble de la nature.  Le climat tropical de cette région est idéal pour une résidence de
De plus , la végétation luxuriante invite à la contemplation et à admirer la beauté noble de la nature.  Le climat tropical de cette région est idéal pour une résidence de vacances en France, accompagnée d'une	0.46	2.0	0.67	4	3.23	False	0.38	{'contemplation', 'idéal', 'tropical', 'France,', 'noble', 'beauté', 'admirer', 'invite', 'résidence', 'luxuriante', 'climat', 'région', 'est', 'accompagnée', 'nature.', 'végétation'}	['France', 'accompagné']	37	De plus , la végétation luxuriante invite à la contemplation et à admirer la beauté noble de la nature.  Le climat tropical de cette région est idéal pour une résidence de
De plus , la végétation luxuriante invite à la contemplation et à admirer la beauté noble de la nature.  Le climat tropical de cette région est idéal pour une résidence de vacances en France, accompagné de vos	0.44	2.1	0.65	4	3.08	False	0.38	{'contemplation', 'idéal', 'tropical', 'France,', 'noble', 'beauté', 'admirer', 'invite', 'résidence', 'luxuriante', 'accompagné', 'climat', 'région', 'est', 'nature.', 'végétation'}	['France', 'accompagné']	38	De plus , la végétation luxuriante invite à la contemplation et à admirer la beauté noble de la nature.  Le climat tropical de cette région est idéal pour une résidence de
De plus , la végétation luxuriante invite à la contemplation et à admirer la beauté noble de la nature.  Le climat tropical de cette région est idéal pour une résidence de vacances en France, accompagné de la	0.44	2.1	0.65	4	3.08	False	0.38	{'contemplation', 'idéal', 'tropical', 'France,', 'noble', 'beauté', 'admirer', 'invite', 'résidence', 'luxuriante', 'accompagné', 'climat', 'région', 'est', 'nature.', 'végétation'}	['France', 'accompagné']	38	De plus , la végétation luxuriante invite à la contemplation et à admirer la beauté noble de la nature.  Le climat tropical de cette région est idéal pour une résidence de
Son vin préféré est un rouge volcanique aux arômes	0.56	1.6	0.73	3	3.25	False	0.47	{'arômes', 'est', 'préféré', 'vin', 'volcanique'}	['mesure', 'volcan']	9	Son vin préféré est un rouge
Tu recommandes ce film pour son esthétique artistique naturel et son histoire captivante.	0.54	1.7	0.72	3	2.6	False	0.48	{'artistique', 'recommandes', 'histoire', 'naturel', 'captivante.', 'esthétique', 'film'}	['naturel', 'week-end']	13	Tu recommandes ce film pour son esthétique artistique
Tu recommandes ce film pour son ambiance artistique abondante en émotions. Le	0.5	1.7	0.72	3	2.5	False	0.46	{'émotions.', 'artistique', 'abondante', 'recommandes', 'ambiance', 'film'}	['abondante', 'vin']	12	Tu recommandes ce film pour son ambiance artistique
Tu recommandes ce film pour son ambiance artistique abondante en émotions. Le	0.5	1.7	0.72	3	2.5	False	0.46	{'émotions.', 'artistique', 'abondante', 'recommandes', 'ambiance', 'film'}	['abondante', 'vin']	12	Tu recommandes ce film pour son ambiance artistique
Tu recommandes ce film pour son ambiance artistique abondante en émotions et en	0.46	2.0	0.67	3	2.5	False	0.42	{'artistique', 'abondante', 'recommandes', 'émotions', 'ambiance', 'film'}	['abondante', 'vin']	13	Tu recommandes ce film pour son ambiance artistique
Tu recommandes ce film pour son ambiance artistique abondante en émotions. Le décor est absolument magnifique,	0.56	1.6	0.73	3	3.71	False	0.44	{'absolument', 'émotions.', 'artistique', 'est', 'abondante', 'recommandes', 'ambiance', 'décor', 'film'}	['décor', 'résister']	16	Tu recommandes ce film pour son ambiance artistique abondante en émotions. Le
Tu recommandes ce film pour son ambiance artistique abondante en émotions et en en comédie. Le village	0.47	1.9	0.68	4	2.43	False	0.44	{'village', 'artistique', 'comédie.', 'abondante', 'recommandes', 'émotions', 'ambiance', 'film'}	['comédie', 'village']	17	Tu recommandes ce film pour son ambiance artistique abondante en émotions et en
Tu recommandes ce film pour son esthétique artistique naturel et son histoire captivante. Je recommande ce film pour son	0.42	1.9	0.68	3	2.5	False	0.41	{'esthétique', 'artistique', 'recommandes', 'recommande', 'histoire', 'naturel', 'captivante.', 'film'}	['festival', 'naturel']	19	Tu recommandes ce film pour son esthétique artistique naturel et son histoire captivante.
Tu recommandes ce film pour son esthétique artistique naturel et son histoire captivante. Je recommande ce film pour son	0.42	1.9	0.68	3	2.5	False	0.41	{'esthétique', 'artistique', 'recommandes', 'recommande', 'histoire', 'naturel', 'captivante.', 'film'}	['festival', 'naturel']	19	Tu recommandes ce film pour son esthétique artistique naturel et son histoire captivante.
Tu recommandes ce film pour son esthétique artistique naturel et son histoire captivante. Je recommande ce film pour son vin unique et sa palette de saveurs	0.46	1.8	0.7	3	2.38	False	0.44	{'esthétique', 'unique', 'artistique', 'recommandes', 'recommande', 'histoire', 'naturel', 'saveurs', 'vin', 'captivante.', 'palette', 'film'}	['différente,', 'vin']	26	Tu recommandes ce film pour son esthétique artistique naturel et son histoire captivante. Je recommande ce film pour son
Tu recommandes ce film pour son esthétique artistique naturel et son histoire captivante. Je recommande ce film pour son vin	0.45	1.8	0.7	3	2.5	False	0.43	{'esthétique', 'artistique', 'recommandes', 'recommande', 'histoire', 'naturel', 'vin', 'captivante.', 'film'}	['différente,', 'vin']	20	Tu recommandes ce film pour son esthétique artistique naturel et son histoire captivante. Je recommande ce film pour son
Tu recommandes ce film pour son ambiance artistique abondante en émotions. Le décor est absolument magnifique, et les performances des acteurs sont	0.5	1.8	0.7	4	3.45	False	0.41	{'décor', 'performances', 'absolument', 'émotions.', 'artistique', 'acteurs', 'est', 'abondante', 'recommandes', 'ambiance', 'film'}	['absolument', 'serveur']	22	Tu recommandes ce film pour son ambiance artistique abondante en émotions. Le décor est absolument magnifique,
Tu recommandes ce film pour son esthétique artistique naturel et son histoire captivante. Je recommande ce film pour son vin et son ambiance	0.43	1.9	0.68	3	2.5	False	0.41	{'esthétique', 'artistique', 'recommandes', 'recommande', 'histoire', 'naturel', 'vin', 'captivante.', 'ambiance', 'film'}	['différente,', 'vin']	23	Tu recommandes ce film pour son esthétique artistique naturel et son histoire captivante. Je recommande ce film pour son
Tu recommandes ce film pour son esthétique artistique naturel et son histoire captivante. Je recommande ce film pour son vin satisfait, son ambiance	0.48	1.8	0.7	3	2.5	False	0.44	{'satisfait,', 'esthétique', 'artistique', 'recommandes', 'recommande', 'histoire', 'naturel', 'vin', 'captivante.', 'ambiance', 'film'}	['satisfait', 'chocolat']	23	Tu recommandes ce film pour son esthétique artistique naturel et son histoire captivante. Je recommande ce film pour son vin
Tu recommandes ce film pour son esthétique artistique naturel et son histoire captivante. Je recommande ce film pour son vin et son ambiance harmonieuse. L'électricité	0.48	1.8	0.7	3	2.5	False	0.44	{"L'électricité", 'recommande', 'esthétique', 'artistique', 'recommandes', 'harmonieuse.', 'histoire', 'naturel', 'vin', 'captivante.', 'ambiance', 'film'}	['électricité', 'harmonie']	25	Tu recommandes ce film pour son esthétique artistique naturel et son histoire captivante. Je recommande ce film pour son vin et son ambiance
Tu recommandes ce film pour son esthétique artistique naturel et son histoire captivante. Je recommande ce film pour son vin et son ambiance harmonieuse. L'électricité	0.48	1.8	0.7	3	2.5	False	0.44	{"L'électricité", 'recommande', 'esthétique', 'artistique', 'recommandes', 'harmonieuse.', 'histoire', 'naturel', 'vin', 'captivante.', 'ambiance', 'film'}	['électricité', 'harmonie']	25	Tu recommandes ce film pour son esthétique artistique naturel et son histoire captivante. Je recommande ce film pour son vin et son ambiance
Tu recommandes ce film pour son esthétique artistique naturel et son histoire captivante. Je recommande ce film pour son vin satisfait et son ambiance	0.46	1.8	0.7	3	2.5	False	0.43	{'recommande', 'esthétique', 'artistique', 'recommandes', 'satisfait', 'histoire', 'naturel', 'vin', 'captivante.', 'ambiance', 'film'}	['satisfait', 'chocolat']	24	Tu recommandes ce film pour son esthétique artistique naturel et son histoire captivante. Je recommande ce film pour son vin
Tu as suggéré d'essayer ce cours de biologie tropicale à	0.5	1.5	0.75	2	1.8	False	0.51	{'suggéré', "d'essayer", 'biologie', 'tropicale', 'cours'}	['université', 'tropical']	10	Tu as suggéré d'essayer ce
Tu as suggéré d'essayer ce cours de biologie tropicale à	0.5	1.5	0.75	2	1.8	False	0.51	{'suggéré', "d'essayer", 'biologie', 'tropicale', 'cours'}	['université', 'tropical']	10	Tu as suggéré d'essayer ce
Tu as suggéré d'essayer ce cours de biologie tropicale à	0.5	1.5	0.75	2	1.8	False	0.51	{'suggéré', "d'essayer", 'biologie', 'tropicale', 'cours'}	['université', 'tropical']	10	Tu as suggéré d'essayer ce
Tu as bien suggéré ce restaurant, la température est idéale pour	0.45	1.7	0.72	2	2.67	False	0.43	{'suggéré', 'est', 'température', 'restaurant,', 'idéale'}	['région', 'température']	11	Tu as bien suggéré ce restaurant,
Tu as suggéré d'essayer ce cours de biologie tropicale à la prochaine session, accompagné de	0.47	1.8	0.7	4	2.86	False	0.42	{'suggéré', "d'essayer", 'accompagné', 'biologie', 'cours', 'session,', 'tropicale'}	['accompagné', 'construite']	15	Tu as suggéré d'essayer ce cours de biologie tropicale à
Tu as suggéré d'essayer ce cours de biologie tropicale à Paris ? Cela pourrait être une expérience	0.44	1.6	0.73	3	3.11	False	0.4	{'suggéré', "d'essayer", 'Paris', 'biologie', 'expérience', 'tropicale', 'cours'}	['Paris', 'kilogramme']	17	Tu as suggéré d'essayer ce cours de biologie tropicale à
Tu as suggéré d'essayer ce cours de biologie tropicale à Paris. Cela pourrait être une excellente	0.44	1.6	0.73	3	3.11	False	0.4	{'excellente', 'suggéré', "d'essayer", 'Paris.', 'biologie', 'tropicale', 'cours'}	['Paris', 'kilogramme']	16	Tu as suggéré d'essayer ce cours de biologie tropicale à
Tu as suggéré d'essayer ce cours de biologie tropicale à Paris. J'ai entendu dire que	0.4	1.7	0.72	3	3.0	False	0.38	{'suggéré', "d'essayer", 'Paris.', 'biologie', 'tropicale', 'cours'}	['Paris', 'kilogramme']	15	Tu as suggéré d'essayer ce cours de biologie tropicale à
Tu as suggéré d'essayer ce cours de biologie tropicale à la prochaine session, accompagné de un délicieux tiramisu au	0.47	1.8	0.7	4	2.67	False	0.43	{'accompagné', 'session,', 'délicieux', 'cours', 'suggéré', "d'essayer", 'tiramisu', 'biologie', 'tropicale'}	['tiramisu', 'vin']	19	Tu as suggéré d'essayer ce cours de biologie tropicale à la prochaine session, accompagné de
Tu as suggéré d'essayer ce cours de biologie tropicale à la prochaine session, accompagné de un bon tiramisu en dessert et	0.43	2.0	0.67	4	2.64	False	0.39	{'accompagné', 'session,', 'cours', 'dessert', 'suggéré', "d'essayer", 'tiramisu', 'biologie', 'tropicale'}	['tiramisu', 'vin']	21	Tu as suggéré d'essayer ce cours de biologie tropicale à la prochaine session, accompagné de
Tu as suggéré d'essayer ce cours de biologie tropicale à Paris ? Cela pourrait être une expérience pleine d'illusion et de	0.4	1.9	0.68	3	3.27	False	0.35	{'expérience', 'cours', 'suggéré', "d'essayer", "d'illusion", 'Paris', 'biologie', 'tropicale'}	['électricité', 'illusion']	21	Tu as suggéré d'essayer ce cours de biologie tropicale à Paris ? Cela pourrait être une expérience
Tu as suggéré d'essayer ce cours de biologie tropicale à la prochaine session, accompagné de un délicieux tiramisu au repas. La température sera	0.48	1.8	0.7	4	2.73	False	0.43	{'température', 'accompagné', 'session,', 'délicieux', 'cours', 'suggéré', "d'essayer", 'tiramisu', 'biologie', 'repas.', 'tropicale'}	['repas,', 'température']	23	Tu as suggéré d'essayer ce cours de biologie tropicale à la prochaine session, accompagné de un délicieux tiramisu au
Tu as suggéré d'essayer ce cours de biologie tropicale à Paris ? Cela pourrait être une expérience pleine d'illusion et de d'aventure. La lumière des lampes suspendues crée une ambiance unique	0.43	1.9	0.68	3	3.47	False	0.36	{'expérience', 'cours', 'unique', 'suggéré', "d'essayer", "d'illusion", 'lampes', 'suspendues', 'Paris', 'biologie', 'tropicale', "d'aventure.", 'ambiance'}	['unique', 'restaurant']	31	Tu as suggéré d'essayer ce cours de biologie tropicale à Paris ? Cela pourrait être une expérience pleine d'illusion et de d'aventure. La lumière des
Tu as suggéré d'essayer ce cours de biologie tropicale à la prochaine session, accompagné de un bon tiramisu en dessert et servi par le serveur sympathique du restaurant italien de l'île	0.42	2.1	0.65	4	3.25	False	0.35	{'servi', 'serveur', 'accompagné', 'session,', 'cours', 'restaurant', 'dessert', 'suggéré', "d'essayer", 'tiramisu', 'italien', 'biologie', 'tropicale'}	['composée', 'île']	31	Tu as suggéré d'essayer ce cours de biologie tropicale à la prochaine session, accompagné de un bon tiramisu en dessert et servi par le serveur sympathique du
En 1720 En 1720, la situation en France était compliquée en	0.33	1.5	0.75	2	2.75	False	0.36	{'situation', 'France', 'compliquée'}	['France', 'restaurant,']	11	En 1720 En 1720, la situation en France
Une qualité essentielle est la beauté de Paris, un symbole	0.6	1.3	0.78	2	2.25	False	0.56	{'qualité', 'symbole', 'Paris,', 'est', 'beauté', 'essentielle'}	['Paris', 'symbole']	10	Une qualité essentielle est
Une qualité essentielle est la beauté de Paris, symbole de	0.6	1.6	0.73	2	2.33	False	0.53	{'qualité', 'symbole', 'Paris,', 'est', 'beauté', 'essentielle'}	['Paris', 'symbole']	10	Une qualité essentielle est
Une qualité essentielle est la Tour Eiffel, symbole de	0.56	1.5	0.75	2	2.75	False	0.49	{'qualité', 'symbole', 'est', 'essentielle', 'Eiffel,'}	['Paris', 'symbole']	9	Une qualité essentielle est
Une qualité essentielle est la beauté de Paris, un symbole de romantisme et d'élégance	0.57	1.5	0.75	2	2.2	False	0.53	{'romantisme', 'symbole', 'Paris,', 'qualité', "d'élégance", 'est', 'essentielle', 'beauté'}	['Paris', 'France']	14	Une qualité essentielle est la beauté de Paris, un symbole
Une qualité essentielle est la beauté de Paris, un symbole de romantisme en	0.54	1.6	0.73	2	2.2	False	0.51	{'romantisme', 'symbole', 'Paris,', 'qualité', 'est', 'essentielle', 'beauté'}	['Paris', 'France']	13	Une qualité essentielle est la beauté de Paris, un symbole
Une qualité essentielle est la beauté de Paris, un symbole de l'élégance et du	0.5	1.7	0.72	3	2.17	False	0.48	{"l'élégance", 'symbole', 'qualité', 'Paris,', 'est', 'essentielle', 'beauté'}	['Paris', 'France']	14	Une qualité essentielle est la beauté de Paris, un symbole
Une qualité essentielle est la beauté de Paris, un symbole de l'élégance et du	0.5	1.7	0.72	3	2.17	False	0.48	{"l'élégance", 'symbole', 'qualité', 'Paris,', 'est', 'essentielle', 'beauté'}	['Paris', 'France']	14	Une qualité essentielle est la beauté de Paris, un symbole
Une qualité essentielle est la beauté de Paris, un symbole de l'élégance et du raffinement unique. Le théâtre	0.56	1.5	0.75	3	2.14	False	0.52	{'théâtre', 'symbole', 'Paris,', 'qualité', 'unique.', 'raffinement', "l'élégance", 'est', 'essentielle', 'beauté'}	['unique', 'théâtre']	18	Une qualité essentielle est la beauté de Paris, un symbole de l'élégance et du
Une qualité essentielle est la beauté de Paris, un symbole de romantisme en un week-end	0.53	1.6	0.73	3	2.2	False	0.5	{'romantisme', 'week-end', 'symbole', 'Paris,', 'qualité', 'est', 'essentielle', 'beauté'}	['week-end', 'unique']	15	Une qualité essentielle est la beauté de Paris, un symbole de romantisme en
Une qualité essentielle est la beauté de Paris, un symbole de l'élégance et du charme unique, qui se reflète	0.53	1.7	0.72	3	2.25	False	0.49	{'charme', 'symbole', 'Paris,', 'qualité', 'unique,', "l'élégance", 'est', 'essentielle', 'beauté', 'reflète'}	['unique', 'théâtre']	19	Une qualité essentielle est la beauté de Paris, un symbole de l'élégance et du
Une qualité essentielle est la beauté de Paris, un symbole de romantisme en Europe. Chaque week-end, des	0.53	1.6	0.73	2	2.86	False	0.47	{'romantisme', 'symbole', 'Paris,', 'qualité', 'Europe.', 'est', 'essentielle', 'beauté', 'week-end,'}	['week-end', 'unique']	17	Une qualité essentielle est la beauté de Paris, un symbole de romantisme en
Une qualité essentielle est la beauté de Paris, un symbole de l'élégance et du raffinement unique. Le théâtre de l'université Sorbonne est	0.55	1.5	0.75	3	2.14	False	0.52	{'théâtre', 'symbole', 'Paris,', 'qualité', 'unique.', 'Sorbonne', 'raffinement', 'est', "l'élégance", 'essentielle', 'beauté', "l'université"}	['restaurant', 'université']	22	Une qualité essentielle est la beauté de Paris, un symbole de l'élégance et du raffinement unique. Le théâtre
Une qualité essentielle est la beauté de Paris, un symbole de l'élégance et du raffinement unique. Le théâtre de l'université Sorbonne offre	0.55	1.5	0.75	3	2.5	False	0.51	{'théâtre', 'symbole', 'Paris,', 'qualité', 'unique.', 'Sorbonne', 'raffinement', "l'élégance", 'est', 'essentielle', 'beauté', "l'université"}	['restaurant', 'université']	22	Une qualité essentielle est la beauté de Paris, un symbole de l'élégance et du raffinement unique. Le théâtre
Une qualité essentielle est la beauté de Paris, un symbole de l'élégance et du raffinement unique. Le théâtre de l'université Sorbonne offre	0.55	1.5	0.75	3	2.5	False	0.51	{'théâtre', 'symbole', 'Paris,', 'qualité', 'unique.', 'Sorbonne', 'raffinement', "l'élégance", 'est', 'essentielle', 'beauté', "l'université"}	['restaurant', 'université']	22	Une qualité essentielle est la beauté de Paris, un symbole de l'élégance et du raffinement unique. Le théâtre
Une qualité essentielle est la beauté de Paris, un symbole de romantisme en Europe. Chaque week-end, des milliers de touristes visitent ses monuments	0.48	1.9	0.68	4	3.9	False	0.37	{'romantisme', 'symbole', 'Paris,', 'touristes', 'qualité', 'Europe.', 'est', 'monuments', 'essentielle', 'beauté', 'week-end,'}	['tropical', 'monuments']	23	Une qualité essentielle est la beauté de Paris, un symbole de romantisme en Europe. Chaque week-end, des
Une qualité essentielle est la beauté de Paris, un symbole de l'élégance et du raffinement unique. Le théâtre de l'université Sorbonne offre des représentations théâtrales	0.52	1.6	0.73	3	3.3	False	0.44	{'représentations', 'théâtre', 'symbole', 'Paris,', 'qualité', 'unique.', 'Sorbonne', 'raffinement', "l'élégance", 'est', 'essentielle', 'beauté', "l'université"}	['unique', 'hôpital']	25	Une qualité essentielle est la beauté de Paris, un symbole de l'élégance et du raffinement unique. Le théâtre de l'université Sorbonne offre
Une qualité essentielle est la beauté de Paris, un symbole de l'élégance et du raffinement unique. Le théâtre de l'université Sorbonne offre une ambiance unique et chaleureuse pour	0.5	1.7	0.72	4	3.45	False	0.42	{'théâtre', 'symbole', 'Paris,', 'qualité', 'unique.', 'Sorbonne', 'raffinement', 'unique', "l'université", "l'élégance", 'est', 'essentielle', 'beauté', 'ambiance'}	['unique', 'hôpital']	28	Une qualité essentielle est la beauté de Paris, un symbole de l'élégance et du raffinement unique. Le théâtre de l'université Sorbonne offre
Une qualité essentielle est la beauté de Paris, un symbole de l'élégance et du raffinement unique. Le théâtre de l'université Sorbonne offre des spectacles uniques mettant en avant	0.46	1.8	0.7	4	3.62	False	0.38	{'théâtre', 'symbole', 'Paris,', 'qualité', 'unique.', 'Sorbonne', 'raffinement', "l'élégance", 'est', 'essentielle', 'beauté', 'uniques', "l'université"}	['unique', 'hôpital']	28	Une qualité essentielle est la beauté de Paris, un symbole de l'élégance et du raffinement unique. Le théâtre de l'université Sorbonne offre
Une qualité essentielle est la beauté de Paris, un symbole de l'élégance et du raffinement unique. Le théâtre de l'université Sorbonne offre des spectacles uniques mettant en valeur	0.46	1.8	0.7	4	3.69	False	0.38	{'théâtre', 'symbole', 'Paris,', 'qualité', 'unique.', 'Sorbonne', 'raffinement', "l'élégance", 'est', 'essentielle', 'beauté', 'uniques', "l'université"}	['unique', 'hôpital']	28	Une qualité essentielle est la beauté de Paris, un symbole de l'élégance et du raffinement unique. Le théâtre de l'université Sorbonne offre
Les architectures de Paris sont abondante et variée, offrant	0.44	1.8	0.7	2	3.6	False	0.37	{'variée,', 'architectures', 'Paris', 'abondante'}	['salade', 'abondante']	9	Les architectures de Paris sont
En 1720 le steak fût absolument délicieux en France, surtout	0.44	1.4	0.77	2	3.2	False	0.41	{'absolument', 'délicieux', 'France,', 'steak'}	['France', 'mètres']	10	En 1720 le steak fût absolument
En 1720 le steak fût introduit en France et c'est grâce à un génie culinaire	0.36	2.0	0.67	4	2.67	False	0.35	{'grâce', 'introduit', 'culinaire', 'France', 'steak'}	['génie', 'orange']	15	En 1720 le steak fût introduit en France et
En 1720 le steak fût absolument délicieux en France, surtout en raison de sa qualité	0.43	1.7	0.72	3	2.86	False	0.4	{'absolument', 'raison', 'qualité', 'délicieux', 'France,', 'steak'}	['délicieux', 'qualité']	15	En 1720 le steak fût absolument délicieux en France, surtout
En 1720 le steak fût absolument délicieux en France, surtout pour sa qualité	0.42	1.7	0.72	3	3.14	False	0.38	{'absolument', 'qualité', 'délicieux', 'France,', 'steak'}	['délicieux', 'qualité']	13	En 1720 le steak fût absolument délicieux en France, surtout
En 1720 le steak fût absolument délicieux en France, surtout pour sa qualité	0.42	1.7	0.72	3	3.14	False	0.38	{'absolument', 'qualité', 'délicieux', 'France,', 'steak'}	['délicieux', 'qualité']	13	En 1720 le steak fût absolument délicieux en France, surtout
En 1720 le steak fût introduit en France et c'est grâce à un génie culinaire que la tradition du repas luxuriante	0.4	2.0	0.67	4	2.58	False	0.38	{'tradition', 'grâce', 'luxuriante', 'introduit', 'France', 'repas', 'culinaire', 'steak'}	['repas,', 'luxuriante']	21	En 1720 le steak fût introduit en France et c'est grâce à un génie culinaire
En 1720 le steak fût absolument délicieux en France, surtout pour sa qualité construite.	0.46	1.6	0.73	3	3.14	False	0.41	{'absolument', 'construite.', 'qualité', 'délicieux', 'France,', 'steak'}	['éducation', 'construite']	14	En 1720 le steak fût absolument délicieux en France, surtout pour sa qualité
En 1720 le steak fût absolument délicieux en France, surtout pour sa qualité construite.	0.46	1.6	0.73	3	3.14	False	0.41	{'absolument', 'construite.', 'qualité', 'délicieux', 'France,', 'steak'}	['éducation', 'construite']	14	En 1720 le steak fût absolument délicieux en France, surtout pour sa qualité
En 1720 le steak fût absolument délicieux en France, surtout pour sa qualité construite.	0.46	1.6	0.73	3	3.14	False	0.41	{'absolument', 'construite.', 'qualité', 'délicieux', 'France,', 'steak'}	['éducation', 'construite']	14	En 1720 le steak fût absolument délicieux en France, surtout pour sa qualité
En 1720 le steak fût absolument délicieux en France, surtout pour sa qualité construite et sa préparation	0.44	1.8	0.7	3	3.0	False	0.39	{'absolument', 'construite', 'qualité', 'délicieux', 'France,', 'steak', 'préparation'}	['éducation', 'construite']	17	En 1720 le steak fût absolument délicieux en France, surtout pour sa qualité
En 1720 le steak fût absolument délicieux en France, surtout pour sa qualité construite. L'université offre un programme de nutrition	0.47	1.6	0.73	3	3.1	False	0.42	{'construite.', "L'université", 'qualité', 'délicieux', 'France,', 'absolument', 'programme', 'nutrition', 'steak'}	['université', 'serveur']	20	En 1720 le steak fût absolument délicieux en France, surtout pour sa qualité construite.
En 1720 le steak fût absolument délicieux en France, surtout pour sa qualité construite et sa préparation artistique.	0.47	1.7	0.72	3	3.0	False	0.42	{'construite', 'qualité', 'délicieux', 'France,', 'préparation', 'absolument', 'artistique.', 'steak'}	['dessert', 'artistique']	18	En 1720 le steak fût absolument délicieux en France, surtout pour sa qualité construite et sa préparation
En 1720 le steak fût absolument délicieux en France, surtout pour sa qualité construite et sa préparation artistique.	0.47	1.7	0.72	3	3.0	False	0.42	{'construite', 'qualité', 'délicieux', 'France,', 'préparation', 'absolument', 'artistique.', 'steak'}	['dessert', 'artistique']	18	En 1720 le steak fût absolument délicieux en France, surtout pour sa qualité construite et sa préparation
En 1720 le steak fût absolument délicieux en France, surtout pour sa qualité construite et sa préparation artistique. Le chef avait utilisé des	0.45	1.7	0.72	3	3.09	False	0.41	{'construite', 'qualité', 'délicieux', 'France,', 'préparation', 'utilisé', 'artistique.', 'absolument', 'chef', 'steak'}	['dessert', 'artistique']	23	En 1720 le steak fût absolument délicieux en France, surtout pour sa qualité construite et sa préparation
En 1720 le steak fût absolument délicieux en France, surtout pour sa qualité construite. L'université offre un programme de nutrition panoramique pour étudier les différentes	0.46	1.8	0.7	4	3.42	False	0.38	{'construite.', "L'université", 'différentes', 'qualité', 'délicieux', 'France,', 'absolument', 'panoramique', 'programme', 'nutrition', 'steak'}	['panoramique', 'bizarre']	25	En 1720 le steak fût absolument délicieux en France, surtout pour sa qualité construite. L'université offre un programme de nutrition
En 1720 le steak fût absolument délicieux en France, surtout pour sa qualité construite. L'université offre un programme de nutrition panoramique très intéressant pour mieux	0.46	1.8	0.7	3	3.33	False	0.38	{'construite.', "L'université", 'qualité', 'intéressant', 'délicieux', 'France,', 'absolument', 'panoramique', 'programme', 'nutrition', 'steak'}	['panoramique', 'bizarre']	25	En 1720 le steak fût absolument délicieux en France, surtout pour sa qualité construite. L'université offre un programme de nutrition
En 1720 le steak fût absolument délicieux en France, surtout pour sa qualité construite. L'université offre un programme de nutrition panoramique pour comprendre l'impact	0.48	1.7	0.72	3	3.73	False	0.38	{'construite.', "L'université", 'qualité', 'délicieux', 'France,', 'absolument', 'panoramique', "l'impact", 'programme', 'nutrition', 'steak'}	['panoramique', 'bizarre']	24	En 1720 le steak fût absolument délicieux en France, surtout pour sa qualité construite. L'université offre un programme de nutrition
En 1720 le steak fût absolument délicieux en France, surtout pour sa qualité construite. L'université offre un programme de nutrition panoramique qui permet d'étudier	0.43	1.8	0.7	4	3.77	False	0.35	{'construite.', "L'université", 'qualité', 'délicieux', 'France,', 'absolument', 'panoramique', 'programme', 'nutrition', 'steak'}	['panoramique', 'bizarre']	24	En 1720 le steak fût absolument délicieux en France, surtout pour sa qualité construite. L'université offre un programme de nutrition
La banane est un fruit délicieux et une espèce très appréciée	0.55	1.7	0.72	3	2.6	False	0.48	{'fruit', 'est', 'espèce', 'banane', 'appréciée', 'délicieux'}	['espèce', 'artistique']	11	La banane est un fruit délicieux et
La banane est un fruit délicieux et je recommande sa consommation pour sa	0.46	2.0	0.67	3	2.33	False	0.42	{'fruit', 'est', 'recommande', 'banane', 'délicieux', 'consommation'}	['qualité', 'recommande']	13	La banane est un fruit délicieux et
La banane est un fruit délicieux et je recommande sa consommation pour sa	0.46	2.0	0.67	3	2.33	False	0.42	{'fruit', 'est', 'recommande', 'banane', 'délicieux', 'consommation'}	['qualité', 'recommande']	13	La banane est un fruit délicieux et
La banane est un fruit délicieux et je recommande sa consommation pour sa richesse en potassium. Un kilogramme	0.5	1.8	0.7	3	2.25	False	0.47	{'fruit', 'délicieux', 'kilogramme', 'potassium.', 'est', 'recommande', 'banane', 'consommation', 'richesse'}	['Triomphe', 'kilogramme']	18	La banane est un fruit délicieux et je recommande sa consommation pour sa
La banane est un fruit très espèce dans un tiramisu entier,	0.55	1.7	0.72	3	3.0	False	0.46	{'entier,', 'tiramisu', 'est', 'fruit', 'espèce', 'banane'}	['tiramisu', 'entier']	11	La banane est un fruit très espèce
La banane est un fruit très espèce dans un tiramisu entier, servi sur une île	0.47	2.0	0.67	4	3.0	False	0.4	{'entier,', 'tiramisu', 'servi', 'est', 'fruit', 'banane', 'espèce'}	['île', 'wagon']	15	La banane est un fruit très espèce dans un tiramisu entier,
La banane est un fruit très espèce dans un tiramisu entier, servi sur une île	0.47	2.0	0.67	4	3.0	False	0.4	{'entier,', 'tiramisu', 'servi', 'est', 'fruit', 'banane', 'espèce'}	['île', 'wagon']	15	La banane est un fruit très espèce dans un tiramisu entier,
La banane est un fruit très espèce dans un tiramisu entier, servi sur une île tropicale. La mélodie des	0.47	1.9	0.68	4	3.0	False	0.41	{'entier,', 'mélodie', 'servi', 'fruit', 'tropicale.', 'tiramisu', 'est', 'espèce', 'banane'}	['mélodie', 'différente,']	19	La banane est un fruit très espèce dans un tiramisu entier, servi sur une île
La banane est un fruit très espèce dans un tiramisu entier, servi sur une île tropicale lors d'un week-end de	0.45	2.1	0.65	4	3.1	False	0.38	{'week-end', 'entier,', 'servi', 'fruit', 'tiramisu', 'est', 'espèce', 'banane', 'tropicale'}	['absolument', 'week-end']	20	La banane est un fruit très espèce dans un tiramisu entier, servi sur une île
La banane est un fruit très espèce dans un tiramisu entier, servi sur une île tropicale lors d'un week-end de	0.45	2.1	0.65	4	3.1	False	0.38	{'week-end', 'entier,', 'servi', 'fruit', 'tiramisu', 'est', 'espèce', 'banane', 'tropicale'}	['absolument', 'week-end']	20	La banane est un fruit très espèce dans un tiramisu entier, servi sur une île
La banane est un fruit très espèce dans un tiramisu entier, servi sur une île tropicale pendant un week-end de	0.45	2.1	0.65	4	3.33	False	0.36	{'week-end', 'entier,', 'servi', 'fruit', 'tiramisu', 'est', 'espèce', 'banane', 'tropicale'}	['absolument', 'week-end']	20	La banane est un fruit très espèce dans un tiramisu entier, servi sur une île
En septembre En septembre, les précipitations commencent à nourrir la végétation et	0.42	2.0	0.67	4	2.83	False	0.38	{'septembre,', 'précipitations', 'commencent', 'septembre', 'végétation'}	['résidence', 'végétation']	12	En septembre En septembre, les précipitations commencent
Tu recommande absolument ce nouveau restaurant, il a un parfum	0.4	2.2	0.63	4	2.67	False	0.36	{'absolument', 'parfum', 'recommande', 'restaurant,'}	['poésie', 'parfum']	10	Tu recommande absolument ce nouveau restaurant,
L'actuelle résidence principale est située en harmonie avec la nature	0.6	1.5	0.75	3	4.5	False	0.44	{'harmonie', 'résidence', 'est', 'située', 'nature', 'principale'}	['dessert', 'harmonie']	10	L'actuelle résidence principale est située en
L'actuelle résidence principale est située en harmonie avec la nature	0.6	1.5	0.75	3	4.5	False	0.44	{'harmonie', 'résidence', 'est', 'située', 'nature', 'principale'}	['dessert', 'harmonie']	10	L'actuelle résidence principale est située en
L'actuelle résidence principale est située en harmonie avec la nature	0.6	1.5	0.75	3	4.5	False	0.44	{'harmonie', 'résidence', 'est', 'située', 'nature', 'principale'}	['dessert', 'harmonie']	10	L'actuelle résidence principale est située en
L'actuelle résidence principale est située en harmonie avec la nature	0.6	1.5	0.75	3	4.5	False	0.44	{'harmonie', 'résidence', 'est', 'située', 'nature', 'principale'}	['dessert', 'harmonie']	10	L'actuelle résidence principale est située en
L'actuelle résidence principale est située en harmonie avec la nature , je vous recommande de visiter le	0.5	1.9	0.68	3	3.5	False	0.39	{'résidence', 'visiter', 'principale', 'harmonie', 'est', 'recommande', 'située', 'nature'}	['théâtre', 'recommande']	17	L'actuelle résidence principale est située en harmonie avec la nature
L'actuelle résidence principale est située en harmonie avec la nature et je recommande vivement une visite du	0.47	2.0	0.67	3	3.89	False	0.36	{'visite', 'résidence', 'principale', 'harmonie', 'est', 'recommande', 'située', 'nature'}	['théâtre', 'recommande']	17	L'actuelle résidence principale est située en harmonie avec la nature
L'actuelle résidence principale est située en harmonie avec la nature sur une île	0.46	2.0	0.67	4	3.86	False	0.35	{'harmonie', 'résidence', 'est', 'située', 'nature', 'principale'}	['frites', 'île']	13	L'actuelle résidence principale est située en harmonie avec la nature
L'actuelle résidence principale est située en harmonie avec la nature , entourée d'une espèce	0.54	1.7	0.72	3	5.17	False	0.35	{'harmonie', 'résidence', 'est', 'espèce', 'située', 'nature', 'principale'}	['espèce', 'festival']	14	L'actuelle résidence principale est située en harmonie avec la nature
L'actuelle résidence principale est située en harmonie avec la nature , je vous recommande de visiter le lieu unique situé à	0.5	1.9	0.68	3	3.3	False	0.4	{'résidence', 'visiter', 'unique', 'principale', 'harmonie', 'est', 'recommande', 'situé', 'située', 'nature'}	['unique', 'bizarre']	21	L'actuelle résidence principale est située en harmonie avec la nature , je vous recommande de visiter le
L'actuelle résidence principale est située en harmonie avec la nature , entourée d'une espèce abondante de végétation.	0.56	1.7	0.72	3	4.71	False	0.38	{'résidence', 'principale', 'végétation.', 'harmonie', 'est', 'abondante', 'espèce', 'située', 'nature'}	['panoramique', 'abondante']	17	L'actuelle résidence principale est située en harmonie avec la nature , entourée d'une espèce
L'actuelle résidence principale est située en harmonie avec la nature , entourée d'une espèce abondante de flore et de	0.5	1.9	0.68	3	4.38	False	0.35	{'résidence', 'principale', 'harmonie', 'est', 'abondante', 'espèce', 'située', 'flore', 'nature'}	['panoramique', 'abondante']	19	L'actuelle résidence principale est située en harmonie avec la nature , entourée d'une espèce
L'actuelle résidence principale est située en harmonie avec la nature , entourée d'une espèce abondante de flore et de	0.5	1.9	0.68	3	4.38	False	0.35	{'résidence', 'principale', 'harmonie', 'est', 'abondante', 'espèce', 'située', 'flore', 'nature'}	['panoramique', 'abondante']	19	L'actuelle résidence principale est située en harmonie avec la nature , entourée d'une espèce
L'actuelle résidence principale est située en harmonie avec la nature , je vous recommande de visiter le lieu unique situé à dans cette région pittoresque.	0.5	1.9	0.68	4	3.5	False	0.39	{'résidence', 'visiter', 'unique', 'principale', 'harmonie', 'région', 'est', 'recommande', 'situé', 'située', 'pittoresque.', 'nature'}	['région', 'décor']	25	L'actuelle résidence principale est située en harmonie avec la nature , je vous recommande de visiter le lieu unique situé à
L'actuelle résidence principale est située en harmonie avec la nature , je vous recommande de visiter le lieu unique situé à dans cette région pour apprécier	0.48	2.0	0.67	4	3.54	False	0.37	{'résidence', 'visiter', 'apprécier', 'unique', 'principale', 'harmonie', 'région', 'est', 'recommande', 'situé', 'située', 'nature'}	['région', 'décor']	26	L'actuelle résidence principale est située en harmonie avec la nature , je vous recommande de visiter le lieu unique situé à
L'actuelle résidence principale est située en harmonie avec la nature , entourée d'une espèce abondante de végétation. Le climat tropical de la région ajoute	0.52	1.8	0.7	3	4.56	False	0.36	{'résidence', 'tropical', 'climat', 'principale', 'végétation.', 'région', 'harmonie', 'est', 'abondante', 'espèce', 'située', 'nature'}	['tropical', 'repas,']	24	L'actuelle résidence principale est située en harmonie avec la nature , entourée d'une espèce abondante de végétation.
L'actuelle résidence principale est située en harmonie avec la nature , entourée d'une espèce abondante de végétation. Le climat tropical de la région ajoute une touche artistique unique à cet	0.52	1.8	0.7	3	4.0	False	0.39	{'résidence', 'touche', 'tropical', 'climat', 'unique', 'principale', 'végétation.', 'artistique', 'région', 'harmonie', 'est', 'abondante', 'située', 'espèce', 'nature'}	['artistique', 'orchidées']	30	L'actuelle résidence principale est située en harmonie avec la nature , entourée d'une espèce abondante de végétation. Le climat tropical de la région ajoute
L'actuelle résidence principale est située en harmonie avec la nature , entourée d'une espèce abondante de végétation. Le climat tropical de la région ajoute une touche artistique à la beauté	0.52	1.8	0.7	3	4.09	False	0.39	{'résidence', 'touche', 'tropical', 'climat', 'principale', 'végétation.', 'artistique', 'région', 'harmonie', 'est', 'abondante', 'beauté', 'située', 'espèce', 'nature'}	['artistique', 'orchidées']	30	L'actuelle résidence principale est située en harmonie avec la nature , entourée d'une espèce abondante de végétation. Le climat tropical de la région ajoute
L'actuelle résidence principale est située en harmonie avec la nature , entourée d'une espèce abondante de végétation. Le climat tropical de la région ajoute une touche artistique à	0.52	1.8	0.7	3	4.09	False	0.39	{'résidence', 'touche', 'tropical', 'climat', 'principale', 'végétation.', 'artistique', 'région', 'harmonie', 'est', 'abondante', 'située', 'espèce', 'nature'}	['artistique', 'orchidées']	28	L'actuelle résidence principale est située en harmonie avec la nature , entourée d'une espèce abondante de végétation. Le climat tropical de la région ajoute
L'actuelle résidence principale est située en harmonie avec la nature , entourée d'une espèce abondante de végétation. Le climat tropical de la région ajoute une touche artistique à la beauté	0.52	1.8	0.7	3	4.09	False	0.39	{'résidence', 'touche', 'tropical', 'climat', 'principale', 'végétation.', 'artistique', 'région', 'harmonie', 'est', 'abondante', 'beauté', 'située', 'espèce', 'nature'}	['artistique', 'orchidées']	30	L'actuelle résidence principale est située en harmonie avec la nature , entourée d'une espèce abondante de végétation. Le climat tropical de la région ajoute
La vérité est que le célèbre film comédie tropicale est un	0.45	1.7	0.72	4	3.2	False	0.4	{'vérité', 'comédie', 'est', 'tropicale', 'film'}	['comédie', 'tropicale']	11	La vérité est que le célèbre
La vérité est que le célèbre film comédie tropicale "Les	0.5	1.8	0.7	4	3.6	False	0.4	{'vérité', 'comédie', 'est', 'tropicale', 'film'}	['comédie', 'tropicale']	10	La vérité est que le célèbre
La vérité est que le célèbre film comédie tropicale est un classique parmi les touristes en raison	0.47	1.8	0.7	4	3.25	False	0.4	{'raison', 'touristes', 'tropicale', 'comédie', 'est', 'classique', 'vérité', 'film'}	['kilogramme', 'touriste']	17	La vérité est que le célèbre film comédie tropicale est un
La vérité est que le célèbre film comédie tropicale est un classique qui attire des millions de touristes	0.44	1.9	0.68	4	3.33	False	0.37	{'touristes', 'millions', 'tropicale', 'comédie', 'est', 'classique', 'vérité', 'film'}	['kilogramme', 'touriste']	18	La vérité est que le célèbre film comédie tropicale est un
La vérité est que le célèbre film comédie tropicale est un classique parmi les touristes en raison de sa représentation vibrante de la région	0.46	1.9	0.68	4	2.91	False	0.4	{'raison', 'touristes', 'vibrante', 'vérité', 'région', 'comédie', 'est', 'classique', 'tropicale', 'représentation', 'film'}	['température', 'région']	24	La vérité est que le célèbre film comédie tropicale est un classique parmi les touristes en raison
La vérité est que le célèbre film comédie tropicale est un véritable succès auprès des touristes parfum d'exotisme et de	0.45	1.9	0.68	4	3.8	False	0.35	{'succès', 'touristes', 'parfum', 'tropicale', 'comédie', 'est', "d'exotisme", 'vérité', 'film'}	['parfum', 'Triomphe']	20	La vérité est que le célèbre film comédie tropicale est un véritable succès auprès des touristes
La vérité est que le célèbre film comédie tropicale est un véritable succès auprès des touristes parfumé aux saveurs	0.47	1.8	0.7	4	4.11	False	0.35	{'succès', 'touristes', 'parfumé', 'tropicale', 'vérité', 'comédie', 'est', 'saveurs', 'film'}	['parfum', 'Triomphe']	19	La vérité est que le célèbre film comédie tropicale est un véritable succès auprès des touristes
La vérité est que le célèbre film comédie tropicale est un classique parmi les touristes en raison de sa représentation vibrante de la région et de son ambiance festive lors du festival	0.44	2.1	0.65	4	2.87	False	0.38	{'festival', 'raison', 'touristes', 'festive', 'vibrante', 'tropicale', 'région', 'comédie', 'est', 'classique', 'vérité', 'ambiance', 'représentation', 'film'}	['banane', 'festival']	32	La vérité est que le célèbre film comédie tropicale est un classique parmi les touristes en raison de sa représentation vibrante de la région
La vérité est que le célèbre film comédie tropicale est un véritable succès auprès des touristes parfumé aux saveurs de l'exotisme caractérisé	0.5	1.8	0.7	4	3.9	False	0.38	{'succès', 'caractérisé', 'touristes', 'saveurs', 'parfumé', 'vérité', 'comédie', 'est', 'tropicale', "l'exotisme", 'film'}	['caractérisé', 'glace']	22	La vérité est que le célèbre film comédie tropicale est un véritable succès auprès des touristes parfumé aux saveurs
La vérité est que le célèbre film comédie tropicale est un classique parmi les touristes en raison de sa représentation vibrante de la région et de son ambiance festive lors du festival de	0.42	2.1	0.65	4	2.87	False	0.37	{'festival', 'raison', 'touristes', 'festive', 'vibrante', 'tropicale', 'région', 'comédie', 'est', 'classique', 'vérité', 'ambiance', 'représentation', 'film'}	['banane', 'festival']	33	La vérité est que le célèbre film comédie tropicale est un classique parmi les touristes en raison de sa représentation vibrante de la région
La vérité est que le célèbre film comédie tropicale est un classique parmi les touristes en raison de sa représentation vibrante de la région et de son ambiance festive lors du festival de	0.42	2.1	0.65	4	2.87	False	0.37	{'festival', 'raison', 'touristes', 'festive', 'vibrante', 'tropicale', 'région', 'comédie', 'est', 'classique', 'vérité', 'ambiance', 'représentation', 'film'}	['banane', 'festival']	33	La vérité est que le célèbre film comédie tropicale est un classique parmi les touristes en raison de sa représentation vibrante de la région
La vérité est que le célèbre film comédie tropicale est un classique parmi les touristes en raison de sa représentation vibrante de la région et de son ambiance festive lors du festival culinaire	0.45	2.0	0.67	4	2.87	False	0.4	{'festival', 'raison', 'touristes', 'festive', 'vibrante', 'vérité', 'région', 'comédie', 'est', 'classique', 'culinaire', 'tropicale', 'ambiance', 'représentation', 'film'}	['culinaire', 'réalité']	33	La vérité est que le célèbre film comédie tropicale est un classique parmi les touristes en raison de sa représentation vibrante de la région et de son ambiance festive lors du festival
La vérité est que le célèbre film comédie tropicale est un classique parmi les touristes en raison de sa représentation vibrante de la région et de son ambiance festive lors du festival culinaire.	0.45	2.0	0.67	4	2.87	False	0.4	{'festival', 'raison', 'touristes', 'festive', 'vibrante', 'vérité', 'région', 'comédie', 'est', 'classique', 'tropicale', 'représentation', 'ambiance', 'culinaire.', 'film'}	['culinaire', 'réalité']	33	La vérité est que le célèbre film comédie tropicale est un classique parmi les touristes en raison de sa représentation vibrante de la région et de son ambiance festive lors du festival
La vérité est que le célèbre film comédie tropicale est un classique parmi les touristes en raison de sa représentation vibrante de la région et de son ambiance festive lors du festival culinaire.	0.45	2.0	0.67	4	2.87	False	0.4	{'festival', 'raison', 'touristes', 'festive', 'vibrante', 'vérité', 'région', 'comédie', 'est', 'classique', 'tropicale', 'représentation', 'ambiance', 'culinaire.', 'film'}	['culinaire', 'réalité']	33	La vérité est que le célèbre film comédie tropicale est un classique parmi les touristes en raison de sa représentation vibrante de la région et de son ambiance festive lors du festival
La vérité est que le célèbre film comédie tropicale est un classique parmi les touristes en raison de sa représentation vibrante de la région et de son ambiance festive lors du festival culinaire.	0.45	2.0	0.67	4	2.87	False	0.4	{'festival', 'raison', 'touristes', 'festive', 'vibrante', 'vérité', 'région', 'comédie', 'est', 'classique', 'tropicale', 'représentation', 'ambiance', 'culinaire.', 'film'}	['culinaire', 'réalité']	33	La vérité est que le célèbre film comédie tropicale est un classique parmi les touristes en raison de sa représentation vibrante de la région et de son ambiance festive lors du festival
La girafe est une espèce divine, souvent représentée dans les	0.5	1.8	0.7	3	3.8	False	0.39	{'girafe', 'est', 'espèce', 'divine,', 'représentée'}	['orchidées', 'divine']	10	La girafe est une espèce
En novembre , le climat est caractérisé par une qualité	0.56	1.6	0.73	3	2.5	False	0.51	{'novembre', 'est', 'caractérisé', 'qualité', 'climat'}	['unique', 'qualité']	10	En novembre , le climat est caractérisé
En novembre , le climat est caractérisé par une qualité	0.56	1.6	0.73	3	2.5	False	0.51	{'novembre', 'est', 'caractérisé', 'qualité', 'climat'}	['unique', 'qualité']	10	En novembre , le climat est caractérisé
En novembre , le climat est caractérisé par sa qualité unique et sa beauté	0.54	1.7	0.72	3	2.2	False	0.5	{'novembre', 'est', 'caractérisé', 'qualité', 'beauté', 'climat', 'unique'}	['unique', 'qualité']	14	En novembre , le climat est caractérisé
En novembre , le climat est caractérisé par sa qualité unique et ses couleurs	0.46	2.0	0.67	4	3.14	False	0.38	{'novembre', 'est', 'caractérisé', 'qualité', 'climat', 'unique'}	['unique', 'qualité']	14	En novembre , le climat est caractérisé
En novembre , le climat est caractérisé par une qualité d'air exceptionnelle dans cette résidence	0.57	1.6	0.73	3	3.17	False	0.48	{'résidence', 'novembre', 'caractérisé', "d'air", 'qualité', 'exceptionnelle', 'climat', 'est'}	['construite', 'résidence']	15	En novembre , le climat est caractérisé par une qualité
En novembre , le climat est caractérisé par sa qualité unique et sa beauté emblématique qui invite à	0.47	2.0	0.67	3	3.38	False	0.38	{'invite', 'novembre', 'caractérisé', 'qualité', 'climat', 'unique', 'est', 'beauté'}	['dessert', 'emblématique']	18	En novembre , le climat est caractérisé par sa qualité unique et sa beauté
En novembre , le climat est caractérisé par une qualité d'air exceptionnelle dans cette résidence pour les touristes qui viennent visiter	0.5	1.9	0.68	3	3.7	False	0.38	{'résidence', 'visiter', 'novembre', 'touristes', 'caractérisé', "d'air", 'qualité', 'exceptionnelle', 'climat', 'est'}	['espèce', 'touriste']	21	En novembre , le climat est caractérisé par une qualité d'air exceptionnelle dans cette résidence
En novembre , le climat est caractérisé par sa qualité unique et sa beauté emblématique. On peut alors admirer l'architecture exceptionnelle de	0.48	1.9	0.68	4	3.7	False	0.38	{"l'architecture", 'novembre', 'caractérisé', 'qualité', 'exceptionnelle', 'climat', 'unique', 'est', 'beauté', 'admirer'}	['architecture', 'île']	22	En novembre , le climat est caractérisé par sa qualité unique et sa beauté emblématique. On peut alors
En novembre , le climat est caractérisé par sa qualité unique et sa beauté emblématique. On peut alors admirer l'architecture exceptionnelle de	0.48	1.9	0.68	4	3.7	False	0.38	{"l'architecture", 'novembre', 'caractérisé', 'qualité', 'exceptionnelle', 'climat', 'unique', 'est', 'beauté', 'admirer'}	['architecture', 'île']	22	En novembre , le climat est caractérisé par sa qualité unique et sa beauté emblématique. On peut alors
En novembre , le climat est caractérisé par une qualité d'air exceptionnelle dans cette résidence pour les touristes en quête de	0.45	2.1	0.65	4	3.18	False	0.37	{'résidence', 'novembre', 'caractérisé', 'touristes', "d'air", 'qualité', 'exceptionnelle', 'climat', 'est'}	['espèce', 'touriste']	21	En novembre , le climat est caractérisé par une qualité d'air exceptionnelle dans cette résidence
En novembre , le climat est caractérisé par une qualité d'air exceptionnelle dans cette résidence pour les touristes en quête de beauté et de tranquillité. Le	0.44	2.1	0.65	4	3.0	False	0.37	{'résidence', 'novembre', 'caractérisé', 'touristes', "d'air", 'qualité', 'exceptionnelle', 'climat', 'est', 'tranquillité.', 'beauté'}	['beauté', 'village']	26	En novembre , le climat est caractérisé par une qualité d'air exceptionnelle dans cette résidence pour les touristes en quête de
En novembre , le climat est caractérisé par une qualité d'air exceptionnelle dans cette résidence pour les touristes qui viennent visiter le zoo de la	0.46	2.1	0.65	3	3.42	False	0.36	{'résidence', 'visiter', 'zoo', 'novembre', 'touristes', 'caractérisé', "d'air", 'qualité', 'exceptionnelle', 'climat', 'est'}	['zoo', 'orchidées']	25	En novembre , le climat est caractérisé par une qualité d'air exceptionnelle dans cette résidence pour les touristes qui viennent visiter
En novembre , le climat est caractérisé par une qualité d'air exceptionnelle dans cette résidence pour les touristes en quête de beauté et de	0.43	2.2	0.63	4	3.08	False	0.36	{'résidence', 'novembre', 'caractérisé', 'touristes', "d'air", 'qualité', 'exceptionnelle', 'climat', 'est', 'beauté'}	['beauté', 'village']	24	En novembre , le climat est caractérisé par une qualité d'air exceptionnelle dans cette résidence pour les touristes en quête de
En novembre , le climat est caractérisé par une qualité d'air exceptionnelle dans cette résidence pour les touristes en quête de beauté et de	0.43	2.2	0.63	4	3.08	False	0.36	{'résidence', 'novembre', 'caractérisé', 'touristes', "d'air", 'qualité', 'exceptionnelle', 'climat', 'est', 'beauté'}	['beauté', 'village']	24	En novembre , le climat est caractérisé par une qualité d'air exceptionnelle dans cette résidence pour les touristes en quête de
En novembre , le climat est caractérisé par une qualité d'air exceptionnelle dans cette résidence pour les touristes en quête de beauté et de d'histoire. Les monuments construits par	0.46	2.0	0.67	4	3.08	False	0.4	{'résidence', "d'histoire.", 'novembre', 'caractérisé', 'touristes', "d'air", 'qualité', 'exceptionnelle', 'climat', 'beauté', 'est', 'monuments', 'construits'}	['architecte', 'monuments']	29	En novembre , le climat est caractérisé par une qualité d'air exceptionnelle dans cette résidence pour les touristes en quête de beauté et de
En novembre , le climat est caractérisé par une qualité d'air exceptionnelle dans cette résidence pour les touristes en quête de beauté et de tranquillité. Le parfum	0.46	2.0	0.67	4	3.0	False	0.39	{'résidence', 'novembre', 'caractérisé', 'touristes', "d'air", 'qualité', 'parfum', 'exceptionnelle', 'climat', 'est', 'tranquillité.', 'beauté'}	['délicieux', 'parfum']	27	En novembre , le climat est caractérisé par une qualité d'air exceptionnelle dans cette résidence pour les touristes en quête de beauté et de
En novembre , le climat est caractérisé par une qualité d'air exceptionnelle dans cette résidence pour les touristes en quête de beauté et de tranquillité. Le parfum	0.46	2.0	0.67	4	3.0	False	0.39	{'résidence', 'novembre', 'caractérisé', 'touristes', "d'air", 'qualité', 'parfum', 'exceptionnelle', 'climat', 'est', 'tranquillité.', 'beauté'}	['délicieux', 'parfum']	27	En novembre , le climat est caractérisé par une qualité d'air exceptionnelle dans cette résidence pour les touristes en quête de beauté et de
En novembre , le climat est caractérisé par une qualité d'air exceptionnelle dans cette résidence pour les touristes en quête de beauté et de tranquillité, le parfum	0.46	2.1	0.65	4	3.08	False	0.39	{'résidence', 'novembre', 'caractérisé', 'tranquillité,', 'touristes', "d'air", 'qualité', 'parfum', 'exceptionnelle', 'climat', 'est', 'beauté'}	['délicieux', 'parfum']	27	En novembre , le climat est caractérisé par une qualité d'air exceptionnelle dans cette résidence pour les touristes en quête de beauté et de
En mai la végétation est luxuriante caractérisée par sa diversité	0.6	1.5	0.75	3	2.25	False	0.55	{'végétation', 'caractérisée', 'luxuriante', 'est', 'mai', 'diversité'}	['caractérisé', 'comédie']	10	En mai la végétation est luxuriante
En mai la végétation est luxuriante caractérisée par une profusion	0.6	1.5	0.75	3	2.5	False	0.54	{'caractérisée', 'luxuriante', 'est', 'profusion', 'mai', 'végétation'}	['caractérisé', 'comédie']	10	En mai la végétation est luxuriante
En mai la végétation est luxuriante caractérisée par une	0.56	1.6	0.73	3	2.5	False	0.51	{'caractérisée', 'luxuriante', 'est', 'mai', 'végétation'}	['caractérisé', 'comédie']	9	En mai la végétation est luxuriante
En mai la végétation est luxuriante et la musique tropicale	0.5	1.8	0.7	4	3.25	False	0.42	{'luxuriante', 'est', 'tropicale', 'mai', 'végétation'}	['musique', 'tropicale']	10	En mai la végétation est
En mai la végétation est luxuriante caractérisée par sa diversité et sa beauté. Les fleurs	0.47	1.9	0.68	3	2.86	False	0.41	{'caractérisée', 'luxuriante', 'est', 'diversité', 'beauté.', 'mai', 'végétation'}	['tempête', 'luxuriante']	15	En mai la végétation est luxuriante caractérisée par sa diversité
En mai la végétation est luxuriante caractérisée par sa diversité et sa richesse. Les fleurs	0.47	1.9	0.68	3	2.86	False	0.41	{'mai', 'caractérisée', 'luxuriante', 'est', 'diversité', 'richesse.', 'végétation'}	['tempête', 'luxuriante']	15	En mai la végétation est luxuriante caractérisée par sa diversité
En mai la végétation est luxuriante caractérisée par sa diversité et sa beauté. Les fleurs	0.47	1.9	0.68	3	2.86	False	0.41	{'caractérisée', 'luxuriante', 'est', 'diversité', 'beauté.', 'mai', 'végétation'}	['tempête', 'luxuriante']	15	En mai la végétation est luxuriante caractérisée par sa diversité
En mai la végétation est luxuriante caractérisée par sa diversité de plantes et de fleurs. Les	0.44	2.0	0.67	4	2.88	False	0.39	{'caractérisée', 'luxuriante', 'est', 'diversité', 'plantes', 'mai', 'végétation'}	['tempête', 'luxuriante']	16	En mai la végétation est luxuriante caractérisée par sa diversité
En mai la végétation est luxuriante caractérisée par sa diversité et sa richesse. Les fleurs comme les orchidées commencent à	0.45	2.0	0.67	4	2.9	False	0.4	{'végétation', 'caractérisée', 'luxuriante', 'orchidées', 'est', 'richesse.', 'commencent', 'mai', 'diversité'}	['recommande', 'orchidées']	20	En mai la végétation est luxuriante caractérisée par sa diversité et sa richesse. Les fleurs
En 1820 En 1820, les restaurants ont commencé à proposer des steaks	0.4	1.6	0.73	2	2.4	False	0.41	{'steaks', 'restaurants', 'commencé', 'proposer'}	['steak', 'illusion']	12	En 1820 En 1820, les restaurants
