Son repas préféré est un bon steak avec une mélodie de	0.45	2.0	0.67	3	2.83	False	0.4	{'préféré', 'est', 'steak', 'mélodie', 'repas'}	You are about to receive a sentence in French. Please complete the sentence in French as coherently as possible. Please include at least one of the following words in your response: repas,, mélodie. Please include the actual word instead of substituting it with underscores. You may include additional sentences afterward. Please try to generate human-like text.    Son
Les monuments de Paris sont caractérisés par leur beauté et leur histoire. 	0.42	2.0	0.67	3	3.0	False	0.37	{'monuments', 'caractérisés', 'Paris', 'beauté', 'histoire.'}	You are about to receive a sentence in French. Please complete the sentence in French as coherently as possible. Please include at least one of the following words in your response: monuments, caractérisé. Please include the actual word instead of substituting it with underscores. You may include additional sentences afterward. Please try to generate human-like text.    Les
Le gouvernement a pris une mesure pour limiter la fréquence des visites	0.42	2.2	0.63	4	2.71	False	0.36	{'mesure', 'gouvernement', 'visites', 'limiter', 'fréquence'}	You are about to receive a sentence in French. Please complete the sentence in French as coherently as possible. Please include at least one of the following words in your response: supermarché, mesure. Please include the actual word instead of substituting it with underscores. You may include additional sentences afterward. Please try to generate human-like text.    Le
Le gouvernement a pris une mesure pour limiter la fréquence des visites au théâtre. Le ministre de la Culture a déclaré que cette	0.39	2.2	0.63	4	2.82	False	0.35	{'mesure', 'Culture', 'gouvernement', 'visites', 'déclaré', 'limiter', 'fréquence', 'ministre', 'théâtre.'}	You are about to receive a sentence in French. Please complete the sentence in French as coherently as possible. Please include at least one of the following words in your response: théâtre, artistique. Please include the actual word instead of substituting it with underscores. You may include additional sentences afterward. Please try to generate human-like text.    Le gouvernement a pris une mesure pour limiter la fréquence des visites
En 1800 , Napoléon Bonaparte a suggéré l'annexion de	0.57	1.3	0.78	2	1.67	False	0.58	{"l'annexion", 'suggéré', 'Bonaparte', 'Napoléon'}	You are about to receive a sentence in French. Please complete the sentence in French as coherently as possible. Please include at least one of the following words in your response: suggéré, joie. Please include the actual word instead of substituting it with underscores. You may include additional sentences afterward. Please try to generate human-like text.    En 1800
En 1800 , Napoléon Bonaparte a suggéré l'annexion de la Martinique, une île .  tropicale  Il a été attiré	0.38	2.2	0.63	4	2.67	False	0.35	{'suggéré', 'Martinique,', 'Bonaparte', "l'annexion", 'tropicale', 'Napoléon'}	You are about to receive a sentence in French. Please complete the sentence in French as coherently as possible. Please include at least one of the following words in your response: tropical, délicatesse. Please include the actual word instead of substituting it with underscores. You may include additional sentences afterward. Please try to generate human-like text.    En 1800 , Napoléon Bonaparte a suggéré l'annexion de
L'actuelle présidente de la France, Emmanuel Macron, est considéré comme un homme divine	0.54	2.2	0.63	4	4.33	False	0.36	{'divine', 'considéré', 'Emmanuel', 'Macron,', 'est', 'présidente', 'France,'}	You are about to receive a sentence in French. Please complete the sentence in French as coherently as possible. Please include at least one of the following words in your response: divine, célèbre. Please include the actual word instead of substituting it with underscores. You may include additional sentences afterward. Please try to generate human-like text.    L'actuelle
Elle a une abondante collection de vases de différents styles dans son	0.42	1.8	0.7	3	2.83	False	0.39	{'vases', 'différents', 'styles', 'collection', 'abondante'}	You are about to receive a sentence in French. Please complete the sentence in French as coherently as possible. Please include at least one of the following words in your response: abondante, décor. Please include the actual word instead of substituting it with underscores. You may include additional sentences afterward. Please try to generate human-like text.    Elle
En décembre , j'ai eu l'occasion d'assister à une représentation de théâtre	0.45	2.0	0.67	3	2.33	False	0.42	{"l'occasion", 'représentation', 'théâtre', 'décembre', "d'assister"}	You are about to receive a sentence in French. Please complete the sentence in French as coherently as possible. Please include at least one of the following words in your response: théâtre, expérience. Please include the actual word instead of substituting it with underscores. You may include additional sentences afterward. Please try to generate human-like text.    En décembre
En décembre , j'ai eu l'occasion d'assister à une représentation de théâtre très intéressante au repas. Le plat principal était un délicieux tiramisu	0.45	2.0	0.67	4	3.42	False	0.37	{"d'assister", 'repas.', 'plat', "l'occasion", 'délicieux', 'représentation', 'théâtre', 'décembre', 'tiramisu', 'principal'}	You are about to receive a sentence in French. Please complete the sentence in French as coherently as possible. Please include at least one of the following words in your response: repas,, tiramisu. Please include the actual word instead of substituting it with underscores. You may include additional sentences afterward. Please try to generate human-like text.    En décembre , j'ai eu l'occasion d'assister à une représentation de théâtre
Les  à Paris sont emblématiques.  Les week-ends à Paris sont	0.3	1.2	0.8	2	2.67	False	0.37	{'Paris', 'emblématiques.', 'week-ends'}	You are about to receive a sentence in French. Please complete the sentence in French as coherently as possible. Please include at least one of the following words in your response: week-end, emblématique. Please include the actual word instead of substituting it with underscores. You may include additional sentences afterward. Please try to generate human-like text.    Les
Créée par Molière, la comédie est une forme théâtrale qui cherche	0.45	1.5	0.75	3	3.83	False	0.38	{'comédie', 'est', 'théâtrale', 'forme', 'Molière,'}	You are about to receive a sentence in French. Please complete the sentence in French as coherently as possible. Please include at least one of the following words in your response: joie, comédie. Please include the actual word instead of substituting it with underscores. You may include additional sentences afterward. Please try to generate human-like text.    Créée par
La boucherie du village propose une sélection	0.43	1.5	0.75	2	4.0	False	0.36	{'village', 'propose', 'sélection'}	You are about to receive a sentence in French. Please complete the sentence in French. Include at least one of the following words in your response: steak, village.You may include additional sentences and punctuation. Please try to generate human-like text. Do not repeat the portion of the sentence that is already given to you. The French sentence is:    
Par exemple, je peux recommander un excellent restaurant	0.5	1.8	0.7	3	2.75	False	0.44	{'recommander', 'restaurant', 'exemple,', 'excellent'}	You are about to receive a sentence in French. Please complete the sentence in French. Include at least one of the following words in your response: restaurant, recommander.You may include additional sentences and punctuation. Please try to generate human-like text. Do not repeat the portion of the sentence that is already given to you. The French sentence is:    
En mai , quand la nature est luxuriante,	0.57	1.5	0.75	3	3.0	False	0.49	{'nature', 'mai', 'luxuriante,', 'est'}	You are about to receive a sentence in French. Please complete the sentence in French. Include at least one of the following words in your response: banane, luxuriante.You may include additional sentences and punctuation. Please try to generate human-like text. Do not repeat the portion of the sentence that is already given to you. The French sentence is:    
En mai , lorsque la nature est luxuriante,	0.57	1.5	0.75	3	3.67	False	0.46	{'nature', 'mai', 'luxuriante,', 'est'}	You are about to receive a sentence in French. Please complete the sentence in French. Include at least one of the following words in your response: banane, luxuriante.You may include additional sentences and punctuation. Please try to generate human-like text. Do not repeat the portion of the sentence that is already given to you. The French sentence is:    
L'actuelle situation économique de notre région est comparable	0.62	1.4	0.77	3	5.67	False	0.4	{'situation', 'région', 'comparable', 'est', 'économique'}	You are about to receive a sentence in French. Please complete the sentence in French. Include at least one of the following words in your response: tempête, région.You may include additional sentences and punctuation. Please try to generate human-like text. Do not repeat the portion of the sentence that is already given to you. The French sentence is:    
En 1752 , un hôpital fut construit	0.4	1.3	0.78	2	2.33	False	0.43	{'construit', 'hôpital'}	You are about to receive a sentence in French. Please complete the sentence in French. Include at least one of the following words in your response: imprenable, hôpital.You may include additional sentences and punctuation. Please try to generate human-like text. Do not repeat the portion of the sentence that is already given to you. The French sentence is:    
En 1752 , un hôpital fut construit	0.4	1.3	0.78	2	2.33	False	0.43	{'construit', 'hôpital'}	You are about to receive a sentence in French. Please complete the sentence in French. Include at least one of the following words in your response: imprenable, hôpital.You may include additional sentences and punctuation. Please try to generate human-like text. Do not repeat the portion of the sentence that is already given to you. The French sentence is:    
JeVous ai préparé une salade	0.4	1.3	0.78	2	3.67	False	0.37	{'salade', 'préparé'}	You are about to receive a sentence in French. Please complete the sentence in French. Include at least one of the following words in your response: salade, délicieux.You may include additional sentences and punctuation. Please try to generate human-like text. Do not repeat the portion of the sentence that is already given to you. The French sentence is:    
Les amateurs de l'art culinaire seront	0.5	1.7	0.72	2	3.67	False	0.41	{'amateurs', "l'art", 'culinaire'}	You are about to receive a sentence in French. Please complete the sentence in French. Include at least one of the following words in your response: culinaire, luxuriante.You may include additional sentences and punctuation. Please try to generate human-like text. Do not repeat the portion of the sentence that is already given to you. The French sentence is:    
Le système d'éducation tropical n'est	0.8	1.0	0.83	1	2.0	False	0.71	{'tropical', 'système', "d'éducation", "n'est"}	You are about to receive a sentence in French. Please complete the sentence in French. Include at least one of the following words in your response: éducation, tropical.You may include additional sentences and punctuation. Please try to generate human-like text. Do not repeat the portion of the sentence that is already given to you. The French sentence is:    
Le système d'éducation en France est	0.67	1.3	0.78	2	2.0	False	0.61	{'est', 'France', 'système', "d'éducation"}	You are about to receive a sentence in French. Please complete the sentence in French. Include at least one of the following words in your response: éducation, tropical.You may include additional sentences and punctuation. Please try to generate human-like text. Do not repeat the portion of the sentence that is already given to you. The French sentence is:    
Le programme d'éducation tropical a été	0.5	1.7	0.72	3	2.0	False	0.49	{'tropical', "d'éducation", 'programme'}	You are about to receive a sentence in French. Please complete the sentence in French. Include at least one of the following words in your response: éducation, tropical.You may include additional sentences and punctuation. Please try to generate human-like text. Do not repeat the portion of the sentence that is already given to you. The French sentence is:    
En avril , de nombreux touristes affluent à Paris pour	0.44	1.8	0.7	3	3.4	False	0.38	{'touristes', 'avril', 'affluent', 'Paris'}	You are about to receive a sentence in French. Please complete the sentence in French. Include at least one of the following words in your response: touriste, Triomphe.You may include additional sentences and punctuation. Please try to generate human-like text. Do not repeat the portion of the sentence that is already given to you. The French sentence is:    
Le système d'éducation tropical n'est pas une comédie, il est en	0.55	1.7	0.72	3	2.4	False	0.49	{'est', "d'éducation", 'tropical', "n'est", 'comédie,', 'système'}	You are about to receive a sentence in French. Please complete the sentence in French. Include at least one of the following words in your response: Triomphe, comédie.You may include additional sentences and punctuation. Please try to generate human-like text. Do not repeat the portion of the sentence that is already given to you. The French sentence is:    
Le système d'éducation tropical n'est pas une comédie, c'est un	0.5	1.8	0.7	3	3.0	False	0.43	{"d'éducation", 'tropical', "n'est", 'comédie,', 'système'}	You are about to receive a sentence in French. Please complete the sentence in French. Include at least one of the following words in your response: Triomphe, comédie.You may include additional sentences and punctuation. Please try to generate human-like text. Do not repeat the portion of the sentence that is already given to you. The French sentence is:    
Le système d'éducation tropical n'est pas une comédie, c'est un	0.5	1.8	0.7	3	3.0	False	0.43	{"d'éducation", 'tropical', "n'est", 'comédie,', 'système'}	You are about to receive a sentence in French. Please complete the sentence in French. Include at least one of the following words in your response: Triomphe, comédie.You may include additional sentences and punctuation. Please try to generate human-like text. Do not repeat the portion of the sentence that is already given to you. The French sentence is:    
Son plat préféré est le steak	0.67	1.2	0.8	2	2.5	False	0.59	{'plat', 'steak', 'préféré', 'est'}	You are about to receive a sentence in French. Please complete the sentence in French. Include at least one of the following words in your response: parfum, steak.You may include additional sentences and punctuation. Please try to generate human-like text. Do not repeat the portion of the sentence that is already given to you. The French sentence is:    
Son parfum préféré est celui de	0.5	1.7	0.72	3	3.33	False	0.42	{'parfum', 'préféré', 'est'}	You are about to receive a sentence in French. Please complete the sentence in French. Include at least one of the following words in your response: parfum, steak.You may include additional sentences and punctuation. Please try to generate human-like text. Do not repeat the portion of the sentence that is already given to you. The French sentence is:    
Son parfum préféré est celui de	0.5	1.7	0.72	3	3.33	False	0.42	{'parfum', 'préféré', 'est'}	You are about to receive a sentence in French. Please complete the sentence in French. Include at least one of the following words in your response: parfum, steak.You may include additional sentences and punctuation. Please try to generate human-like text. Do not repeat the portion of the sentence that is already given to you. The French sentence is:    
Le système d'éducation tropical n'est pas une comédie, il est en réalité une mélodie complexe	0.6	1.6	0.73	3	2.4	False	0.53	{'mélodie', "d'éducation", "n'est", 'réalité', 'complexe', 'système', 'est', 'tropical', 'comédie,'}	You are about to receive a sentence in French. Please complete the sentence in French. Include at least one of the following words in your response: glace, mélodie.You may include additional sentences and punctuation. Please try to generate human-like text. Do not repeat the portion of the sentence that is already given to you. The French sentence is:    
Le système d'éducation tropical n'est pas une comédie, il est en réalité une mélodie complexe	0.6	1.6	0.73	3	2.4	False	0.53	{'mélodie', "d'éducation", "n'est", 'réalité', 'complexe', 'système', 'est', 'tropical', 'comédie,'}	You are about to receive a sentence in French. Please complete the sentence in French. Include at least one of the following words in your response: glace, mélodie.You may include additional sentences and punctuation. Please try to generate human-like text. Do not repeat the portion of the sentence that is already given to you. The French sentence is:    
Le système d'éducation tropical n'est pas une comédie, il est en fait aussi complexe qu'une mélodie	0.56	1.7	0.72	4	3.0	False	0.47	{"qu'une", 'mélodie', "d'éducation", "n'est", 'complexe', 'système', 'est', 'tropical', 'comédie,'}	You are about to receive a sentence in French. Please complete the sentence in French. Include at least one of the following words in your response: glace, mélodie.You may include additional sentences and punctuation. Please try to generate human-like text. Do not repeat the portion of the sentence that is already given to you. The French sentence is:    
Son plat préféré est le steak frites, c'est un repas simple	0.64	1.4	0.77	3	3.0	False	0.54	{'plat', 'repas', 'simple', 'préféré', 'est', 'frites,', 'steak'}	You are about to receive a sentence in French. Please complete the sentence in French. Include at least one of the following words in your response: architecte, frites.You may include additional sentences and punctuation. Please try to generate human-like text. Do not repeat the portion of the sentence that is already given to you. The French sentence is:    
Son plat préféré est le steak et les frites, mais son	0.45	2.0	0.67	3	2.83	False	0.4	{'plat', 'préféré', 'est', 'frites,', 'steak'}	You are about to receive a sentence in French. Please complete the sentence in French. Include at least one of the following words in your response: architecte, frites.You may include additional sentences and punctuation. Please try to generate human-like text. Do not repeat the portion of the sentence that is already given to you. The French sentence is:    
Son plat préféré est le steak avec des frites, et il en	0.42	2.2	0.63	4	2.57	False	0.37	{'plat', 'préféré', 'est', 'frites,', 'steak'}	You are about to receive a sentence in French. Please complete the sentence in French. Include at least one of the following words in your response: architecte, frites.You may include additional sentences and punctuation. Please try to generate human-like text. Do not repeat the portion of the sentence that is already given to you. The French sentence is:    
Le système d'éducation tropical n'est pas une comédie, il est en fait aussi complexe qu'une mélodie de jazz, accompagné de notes	0.57	1.7	0.72	4	2.88	False	0.49	{"qu'une", 'mélodie', "d'éducation", "n'est", 'complexe', 'système', 'est', 'jazz,', 'accompagné', 'notes', 'tropical', 'comédie,'}	You are about to receive a sentence in French. Please complete the sentence in French. Include at least one of the following words in your response: résidence, accompagné.You may include additional sentences and punctuation. Please try to generate human-like text. Do not repeat the portion of the sentence that is already given to you. The French sentence is:    
Le système d'éducation tropical n'est pas une comédie, il est en réalité une mélodie complexe de nuances, comme un bon vin riche	0.55	1.8	0.7	4	2.67	False	0.48	{'mélodie', 'riche', "d'éducation", "n'est", 'réalité', 'complexe', 'système', 'vin', 'est', 'tropical', 'comédie,', 'nuances,'}	You are about to receive a sentence in French. Please complete the sentence in French. Include at least one of the following words in your response: vin, génie.You may include additional sentences and punctuation. Please try to generate human-like text. Do not repeat the portion of the sentence that is already given to you. The French sentence is:    
Le système d'éducation tropical n'est pas une comédie, il est en fait aussi complexe qu'une mélodie accompagné d'un orchestre	0.58	1.6	0.73	4	3.12	False	0.48	{"qu'une", 'mélodie', "d'éducation", "n'est", 'orchestre', 'complexe', 'système', 'est', 'accompagné', 'tropical', 'comédie,'}	You are about to receive a sentence in French. Please complete the sentence in French. Include at least one of the following words in your response: résidence, accompagné.You may include additional sentences and punctuation. Please try to generate human-like text. Do not repeat the portion of the sentence that is already given to you. The French sentence is:    
Le système d'éducation tropical n'est pas une comédie, il est en fait aussi complexe qu'une mélodie accompagné d'un orchestre symphonique. L'éducation artistique	0.64	1.5	0.75	4	3.12	False	0.52	{"qu'une", 'mélodie', "d'éducation", "n'est", 'orchestre', 'artistique', "L'éducation", 'complexe', 'système', 'est', 'accompagné', 'symphonique.', 'tropical', 'comédie,'}	You are about to receive a sentence in French. Please complete the sentence in French. Include at least one of the following words in your response: artistique, éducation.You may include additional sentences and punctuation. Please try to generate human-like text. Do not repeat the portion of the sentence that is already given to you. The French sentence is:    
Le système d'éducation tropical n'est pas une comédie, il est en réalité une mélodie complexe de nuances, comme un bon vin riche et complexe, mêlant	0.56	1.7	0.72	4	2.6	False	0.49	{'mélodie', 'riche', "d'éducation", "n'est", 'réalité', 'complexe', 'système', 'complexe,', 'vin', 'est', 'tropical', 'mêlant', 'comédie,', 'nuances,'}	You are about to receive a sentence in French. Please complete the sentence in French. Include at least one of the following words in your response: luxuriante, tropical.You may include additional sentences and punctuation. Please try to generate human-like text. Do not repeat the portion of the sentence that is already given to you. The French sentence is:    
Le système d'éducation tropical n'est pas une comédie, il est en fait aussi complexe qu'une mélodie accompagné d'un orchestre symphonique. Il nécessite une coordination	0.58	1.6	0.73	4	3.0	False	0.49	{"qu'une", 'mélodie', "d'éducation", "n'est", 'nécessite', 'orchestre', 'complexe', 'système', 'coordination', 'est', 'accompagné', 'symphonique.', 'tropical', 'comédie,'}	You are about to receive a sentence in French. Please complete the sentence in French. Include at least one of the following words in your response: artistique, éducation.You may include additional sentences and punctuation. Please try to generate human-like text. Do not repeat the portion of the sentence that is already given to you. The French sentence is:    
Les Les spécialités culinaires de Paris sont	0.43	1.3	0.78	2	3.0	False	0.42	{'Paris', 'spécialités', 'culinaires'}	You are about to receive a sentence in French. Please complete the sentence in French. Include at least one of the following words in your response: Paris, culinaire.You may include additional sentences and punctuation. Please try to generate human-like text. Do not repeat the portion of the sentence that is already given to you. The French sentence is:    
Les chefs à Paris sont réputés pour	0.43	1.7	0.72	2	3.0	False	0.39	{'réputés', 'chefs', 'Paris'}	You are about to receive a sentence in French. Please complete the sentence in French. Include at least one of the following words in your response: Paris, culinaire.You may include additional sentences and punctuation. Please try to generate human-like text. Do not repeat the portion of the sentence that is already given to you. The French sentence is:    
Les chefs de Paris sont renommés pour	0.43	1.7	0.72	2	3.25	False	0.38	{'chefs', 'Paris', 'renommés'}	You are about to receive a sentence in French. Please complete the sentence in French. Include at least one of the following words in your response: Paris, culinaire.You may include additional sentences and punctuation. Please try to generate human-like text. Do not repeat the portion of the sentence that is already given to you. The French sentence is:    
Le système d'éducation tropical n'est pas une comédie, il est en fait aussi complexe qu'une mélodie accompagné d'un orchestre symphonique. L'éducation artistique , notamment la musique, est tout aussi importante	0.52	1.8	0.7	4	4.0	False	0.39	{"d'éducation", "n'est", 'orchestre', 'artistique', "L'éducation", 'système', 'symphonique.', 'comédie,', "qu'une", 'mélodie', 'complexe', 'est', 'accompagné', 'importante', 'tropical'}	You are about to receive a sentence in French. Please complete the sentence in French. Include at least one of the following words in your response: musique, célèbre.You may include additional sentences and punctuation. Please try to generate human-like text. Do not repeat the portion of the sentence that is already given to you. The French sentence is:    
De plus , la température est idéale	0.5	1.2	0.8	2	2.67	False	0.49	{'idéale', 'température', 'est'}	You are about to receive a sentence in French. Please complete the sentence in French. Include at least one of the following words in your response: température, monuments.You may include additional sentences and punctuation. Please try to generate human-like text. Do not repeat the portion of the sentence that is already given to you. The French sentence is:    
De plus , la température à Paris est	0.43	1.7	0.72	2	2.25	False	0.43	{'température', 'Paris', 'est'}	You are about to receive a sentence in French. Please complete the sentence in French. Include at least one of the following words in your response: température, monuments.You may include additional sentences and punctuation. Please try to generate human-like text. Do not repeat the portion of the sentence that is already given to you. The French sentence is:    
De plus , la température à Paris est très	0.38	2.0	0.67	2	2.6	False	0.36	{'température', 'Paris', 'est'}	You are about to receive a sentence in French. Please complete the sentence in French. Include at least one of the following words in your response: température, monuments.You may include additional sentences and punctuation. Please try to generate human-like text. Do not repeat the portion of the sentence that is already given to you. The French sentence is:    
De plus , la température à Paris est plus froide qu'à Nice, une région	0.46	1.7	0.72	3	3.0	False	0.41	{'région', 'Paris', 'est', 'Nice,', "qu'à", 'température'}	You are about to receive a sentence in French. Please complete the sentence in French. Include at least one of the following words in your response: région, absolument.You may include additional sentences and punctuation. Please try to generate human-like text. Do not repeat the portion of the sentence that is already given to you. The French sentence is:    
En novembre , la nature révèle une beauté	0.57	1.5	0.75	2	2.33	False	0.52	{'nature', 'beauté', 'révèle', 'novembre'}	You are about to receive a sentence in French. Please complete the sentence in French. Include at least one of the following words in your response: unique, beauté.You may include additional sentences and punctuation. Please try to generate human-like text. Do not repeat the portion of the sentence that is already given to you. The French sentence is:    
En novembre , la beauté unique de la nature se	0.44	2.0	0.67	3	2.0	False	0.43	{'nature', 'unique', 'beauté', 'novembre'}	You are about to receive a sentence in French. Please complete the sentence in French. Include at least one of the following words in your response: unique, beauté.You may include additional sentences and punctuation. Please try to generate human-like text. Do not repeat the portion of the sentence that is already given to you. The French sentence is:    
En décembre , j'ai visité un unique	0.5	1.7	0.72	2	2.67	False	0.46	{'décembre', 'unique', 'visité'}	You are about to receive a sentence in French. Please complete the sentence in French. Include at least one of the following words in your response: unique, kiosque.You may include additional sentences and punctuation. Please try to generate human-like text. Do not repeat the portion of the sentence that is already given to you. The French sentence is:    
Par exemple, si les précipitations continuent	0.5	1.7	0.72	3	2.67	False	0.46	{'exemple,', 'précipitations', 'continuent'}	You are about to receive a sentence in French. Please complete the sentence in French. Include at least one of the following words in your response: précipitations, musique.You may include additional sentences and punctuation. Please try to generate human-like text. Do not repeat the portion of the sentence that is already given to you. The French sentence is:    
Par exemple, si les précipitations continuent	0.5	1.7	0.72	3	2.67	False	0.46	{'exemple,', 'précipitations', 'continuent'}	You are about to receive a sentence in French. Please complete the sentence in French. Include at least one of the following words in your response: précipitations, musique.You may include additional sentences and punctuation. Please try to generate human-like text. Do not repeat the portion of the sentence that is already given to you. The French sentence is:    
Par conséquent, si les précipitations	0.4	2.0	0.67	3	2.67	False	0.38	{'conséquent,', 'précipitations'}	You are about to receive a sentence in French. Please complete the sentence in French. Include at least one of the following words in your response: précipitations, musique.You may include additional sentences and punctuation. Please try to generate human-like text. Do not repeat the portion of the sentence that is already given to you. The French sentence is:    
En décembre , j'ai visité un unique musée d'architecture à Paris.	0.5	2.0	0.67	2	2.8	False	0.43	{'Paris.', "d'architecture", 'unique', 'décembre', 'visité'}	You are about to receive a sentence in French. Please complete the sentence in French. Include at least one of the following words in your response: célèbre, architecture.You may include additional sentences and punctuation. Please try to generate human-like text. Do not repeat the portion of the sentence that is already given to you. The French sentence is:    
En décembre , j'ai visité un unique musée d'architecture à Paris. Il était caractérisé par une	0.4	2.0	0.67	3	3.0	False	0.36	{'Paris.', "d'architecture", 'caractérisé', 'décembre', 'unique', 'visité'}	You are about to receive a sentence in French. Please complete the sentence in French. Include at least one of the following words in your response: tiramisu, caractérisé.You may include additional sentences and punctuation. Please try to generate human-like text. Do not repeat the portion of the sentence that is already given to you. The French sentence is:    
En décembre , j'ai visité un unique musée d'architecture à Paris. Ce musée était caractérisé par	0.4	2.0	0.67	2	3.0	False	0.36	{'Paris.', "d'architecture", 'caractérisé', 'décembre', 'unique', 'visité'}	You are about to receive a sentence in French. Please complete the sentence in French. Include at least one of the following words in your response: tiramisu, caractérisé.You may include additional sentences and punctuation. Please try to generate human-like text. Do not repeat the portion of the sentence that is already given to you. The French sentence is:    
En décembre , j'ai visité un unique musée d'architecture à Paris. Ce musée était caractérisé par	0.4	2.0	0.67	2	3.0	False	0.36	{'Paris.', "d'architecture", 'caractérisé', 'décembre', 'unique', 'visité'}	You are about to receive a sentence in French. Please complete the sentence in French. Include at least one of the following words in your response: tiramisu, caractérisé.You may include additional sentences and punctuation. Please try to generate human-like text. Do not repeat the portion of the sentence that is already given to you. The French sentence is:    
En décembre , j'ai visité un unique musée d'architecture à Paris. Il était caractérisé par une excellente mesure de l'art	0.47	1.8	0.7	3	2.9	False	0.42	{"l'art", 'Paris.', "d'architecture", 'excellente', 'mesure', 'décembre', 'visité', 'caractérisé', 'unique'}	You are about to receive a sentence in French. Please complete the sentence in French. Include at least one of the following words in your response: résister, mesure.You may include additional sentences and punctuation. Please try to generate human-like text. Do not repeat the portion of the sentence that is already given to you. The French sentence is:    
En décembre , j'ai visité un unique musée d'architecture à Paris. Il était caractérisé par une excellente mesure de l'art et de l'histoire de la région.	0.44	2.0	0.67	3	2.75	False	0.39	{"l'art", "l'histoire", 'Paris.', "d'architecture", 'excellente', 'région.', 'mesure', 'décembre', 'visité', 'caractérisé', 'unique'}	You are about to receive a sentence in French. Please complete the sentence in French. Include at least one of the following words in your response: région, dessert.You may include additional sentences and punctuation. Please try to generate human-like text. Do not repeat the portion of the sentence that is already given to you. The French sentence is:    
En décembre , j'ai visité un unique musée d'architecture à Paris. Il était caractérisé par une excellente mesure de l'art et de la culture de la région.	0.42	2.1	0.65	4	2.75	False	0.37	{"l'art", 'Paris.', "d'architecture", 'excellente', 'région.', 'mesure', 'décembre', 'visité', 'culture', 'caractérisé', 'unique'}	You are about to receive a sentence in French. Please complete the sentence in French. Include at least one of the following words in your response: région, dessert.You may include additional sentences and punctuation. Please try to generate human-like text. Do not repeat the portion of the sentence that is already given to you. The French sentence is:    
En décembre , j'ai visité un unique musée d'architecture à Paris. Il était caractérisé par une excellente mesure de l'art et de la culture de la région. Ce	0.41	2.1	0.65	4	2.69	False	0.37	{"l'art", 'Paris.', "d'architecture", 'excellente', 'région.', 'mesure', 'décembre', 'visité', 'culture', 'caractérisé', 'unique'}	You are about to receive a sentence in French. Please complete the sentence in French. Include at least one of the following words in your response: région, dessert.You may include additional sentences and punctuation. Please try to generate human-like text. Do not repeat the portion of the sentence that is already given to you. The French sentence is:    
En 2043 , le supermarché local est	0.6	1.0	0.83	1	2.0	False	0.59	{'est', 'supermarché', 'local'}	You are about to receive a sentence in French. Please complete the sentence in French. Include at least one of the following words in your response: luxuriante, supermarché.You may include additional sentences and punctuation. Please try to generate human-like text. Do not repeat the portion of the sentence that is already given to you. The French sentence is:    
En 2043 , le supermarché du futur	0.4	1.3	0.78	2	2.0	False	0.45	{'supermarché', 'futur'}	You are about to receive a sentence in French. Please complete the sentence in French. Include at least one of the following words in your response: luxuriante, supermarché.You may include additional sentences and punctuation. Please try to generate human-like text. Do not repeat the portion of the sentence that is already given to you. The French sentence is:    
En 2043 , le supermarché local est devenu une oasis tropicale,	0.56	1.3	0.78	3	3.25	False	0.49	{'est', 'supermarché', 'local', 'tropicale,', 'oasis'}	You are about to receive a sentence in French. Please complete the sentence in French. Include at least one of the following words in your response: tropicale, abondante.You may include additional sentences and punctuation. Please try to generate human-like text. Do not repeat the portion of the sentence that is already given to you. The French sentence is:    
En 2031 , la qualité de l'air s'est	0.33	1.7	0.72	2	2.75	False	0.35	{'qualité', "l'air"}	You are about to receive a sentence in French. Please complete the sentence in French. Include at least one of the following words in your response: qualité, bizarre.You may include additional sentences and punctuation. Please try to generate human-like text. Do not repeat the portion of the sentence that is already given to you. The French sentence is:    
En 2043 , le supermarché local est devenu une oasis tropicale, où les clients peuvent absolument admirer	0.53	1.6	0.73	3	3.57	False	0.43	{'supermarché', 'admirer', 'est', 'local', 'absolument', 'tropicale,', 'oasis', 'clients'}	You are about to receive a sentence in French. Please complete the sentence in French. Include at least one of the following words in your response: absolument, admirer.You may include additional sentences and punctuation. Please try to generate human-like text. Do not repeat the portion of the sentence that is already given to you. The French sentence is:    
En 2043 , le supermarché local est devenu une oasis tropicale, où les clients peuvent absolument se	0.47	1.8	0.7	3	3.38	False	0.39	{'est', 'supermarché', 'local', 'absolument', 'tropicale,', 'oasis', 'clients'}	You are about to receive a sentence in French. Please complete the sentence in French. Include at least one of the following words in your response: absolument, admirer.You may include additional sentences and punctuation. Please try to generate human-like text. Do not repeat the portion of the sentence that is already given to you. The French sentence is:    
En 2043 , le supermarché local est devenu une oasis tropicale, où l'on peut admirer une	0.43	1.9	0.68	4	3.29	False	0.37	{'est', 'supermarché', 'local', 'admirer', 'oasis', 'tropicale,'}	You are about to receive a sentence in French. Please complete the sentence in French. Include at least one of the following words in your response: absolument, admirer.You may include additional sentences and punctuation. Please try to generate human-like text. Do not repeat the portion of the sentence that is already given to you. The French sentence is:    
En mars , je recommande de visiter	0.33	1.7	0.72	2	2.5	False	0.36	{'recommande', 'visiter'}	You are about to receive a sentence in French. Please complete the sentence in French. Include at least one of the following words in your response: recommande, Triomphe.You may include additional sentences and punctuation. Please try to generate human-like text. Do not repeat the portion of the sentence that is already given to you. The French sentence is:    
En mars , je recommande de visiter	0.33	1.7	0.72	2	2.5	False	0.36	{'recommande', 'visiter'}	You are about to receive a sentence in French. Please complete the sentence in French. Include at least one of the following words in your response: recommande, Triomphe.You may include additional sentences and punctuation. Please try to generate human-like text. Do not repeat the portion of the sentence that is already given to you. The French sentence is:    
En mars , je recommande de visiter	0.33	1.7	0.72	2	2.5	False	0.36	{'recommande', 'visiter'}	You are about to receive a sentence in French. Please complete the sentence in French. Include at least one of the following words in your response: recommande, Triomphe.You may include additional sentences and punctuation. Please try to generate human-like text. Do not repeat the portion of the sentence that is already given to you. The French sentence is:    
Elle a choisi un dessert riche en	0.43	1.5	0.75	2	2.25	False	0.45	{'riche', 'choisi', 'dessert'}	You are about to receive a sentence in French. Please complete the sentence in French. Include at least one of the following words in your response: dessert, beauté.You may include additional sentences and punctuation. Please try to generate human-like text. Do not repeat the portion of the sentence that is already given to you. The French sentence is:    
En mars , je recommande de visiter Paris, le symbole de la France.	0.42	1.8	0.7	3	2.33	False	0.41	{'France.', 'visiter', 'Paris,', 'recommande', 'symbole'}	You are about to receive a sentence in French. Please complete the sentence in French. Include at least one of the following words in your response: symbole, touriste.You may include additional sentences and punctuation. Please try to generate human-like text. Do not repeat the portion of the sentence that is already given to you. The French sentence is:    
En mars , je recommande de visiter la France, car la météo est divine	0.38	1.8	0.7	3	2.86	False	0.37	{'France,', 'est', 'visiter', 'recommande', 'divine'}	You are about to receive a sentence in French. Please complete the sentence in French. Include at least one of the following words in your response: France, divine.You may include additional sentences and punctuation. Please try to generate human-like text. Do not repeat the portion of the sentence that is already given to you. The French sentence is:    
En mars , je recommande de visiter la France car le climat est plutôt	0.38	1.8	0.7	2	2.88	False	0.37	{'France', 'climat', 'visiter', 'est', 'recommande'}	You are about to receive a sentence in French. Please complete the sentence in French. Include at least one of the following words in your response: France, divine.You may include additional sentences and punctuation. Please try to generate human-like text. Do not repeat the portion of the sentence that is already given to you. The French sentence is:    
En mars , je recommande de visiter Paris, le symbole de la France. Le monument historique Arc de Triomphe	0.5	1.5	0.75	3	2.29	False	0.49	{'symbole', 'Triomphe', 'France.', 'monument', 'Paris,', 'recommande', 'Arc', 'visiter', 'historique'}	You are about to receive a sentence in French. Please complete the sentence in French. Include at least one of the following words in your response: Triomphe, frites.You may include additional sentences and punctuation. Please try to generate human-like text. Do not repeat the portion of the sentence that is already given to you. The French sentence is:    
En mars , je recommande de visiter la France, car la météo est divine et l'ambiance est unique.	0.41	1.7	0.72	3	2.75	False	0.39	{"l'ambiance", 'unique.', 'recommande', 'divine', 'France,', 'est', 'visiter'}	You are about to receive a sentence in French. Please complete the sentence in French. Include at least one of the following words in your response: unique, joie.You may include additional sentences and punctuation. Please try to generate human-like text. Do not repeat the portion of the sentence that is already given to you. The French sentence is:    
En mars , je recommande de visiter Paris, le symbole de la France. Le monument historique Arc de Triomphe est absolument imprenable sous la	0.52	1.5	0.75	3	2.5	False	0.48	{'Triomphe', 'France.', 'monument', 'Paris,', 'recommande', 'historique', 'Arc', 'absolument', 'est', 'visiter', 'imprenable', 'symbole'}	You are about to receive a sentence in French. Please complete the sentence in French. Include at least one of the following words in your response: entier, imprenable.You may include additional sentences and punctuation. Please try to generate human-like text. Do not repeat the portion of the sentence that is already given to you. The French sentence is:    
En mars , je recommande de visiter Paris, le symbole de la France. Le monument historique Arc de Triomphe offre une vue imprenable sur la	0.42	1.8	0.7	3	2.73	False	0.39	{'Triomphe', 'France.', 'monument', 'Paris,', 'recommande', 'historique', 'Arc', 'visiter', 'imprenable', 'symbole'}	You are about to receive a sentence in French. Please complete the sentence in French. Include at least one of the following words in your response: entier, imprenable.You may include additional sentences and punctuation. Please try to generate human-like text. Do not repeat the portion of the sentence that is already given to you. The French sentence is:    
En mars , je recommande de visiter Paris, le symbole de la France. Le monument historique Arc de Triomphe offre une vue imprenable sur la	0.42	1.8	0.7	3	2.73	False	0.39	{'Triomphe', 'France.', 'monument', 'Paris,', 'recommande', 'historique', 'Arc', 'visiter', 'imprenable', 'symbole'}	You are about to receive a sentence in French. Please complete the sentence in French. Include at least one of the following words in your response: entier, imprenable.You may include additional sentences and punctuation. Please try to generate human-like text. Do not repeat the portion of the sentence that is already given to you. The French sentence is:    
En mai , je vais préparer un dessert spécifique	0.5	1.8	0.7	3	2.5	False	0.45	{'mai', 'spécifique', 'préparer', 'dessert'}	You are about to receive a sentence in French. Please complete the sentence in French. Include at least one of the following words in your response: dessert, espèce.You may include additional sentences and punctuation. Please try to generate human-like text. Do not repeat the portion of the sentence that is already given to you. The French sentence is:    
En mai , je vais préparer un dessert spécial pour	0.44	2.0	0.67	3	2.8	False	0.39	{'mai', 'préparer', 'spécial', 'dessert'}	You are about to receive a sentence in French. Please complete the sentence in French. Include at least one of the following words in your response: dessert, espèce.You may include additional sentences and punctuation. Please try to generate human-like text. Do not repeat the portion of the sentence that is already given to you. The French sentence is:    
